URGENT,AIRCRAFT,REPORT,TURBULENCE,PRODUCT_ID,FL,LAT,LON,datetime,turbulence_intensity,Plane Weight,nexrad_sites,aws_files
F,C172,UUA /OV CSQ3 /TM 1526 /FL030 /TP C172 /TB SEV MECH 030 /RM BTNACTON VALE AND CSQ3,SEV MECH 030,,3000.0,45.48,-72.31,2010-10-10 15:26:00,5.0,L,"('KCXX', 'KGYX', 'KTYX', 'KENX', 'KBOX')","['s3://unidata-nexrad-level2/2010/10/10/KCXX/KCXX20101010_152330_V03.gz', 's3://unidata-nexrad-level2/2010/10/10/KGYX/KGYX20101010_152545_V03.gz', 's3://unidata-nexrad-level2/2010/10/10/KTYX/KTYX20101010_152405_V04.gz', 's3://unidata-nexrad-level2/2010/10/10/KENX/KENX20101010_152021_V03.gz', 's3://unidata-nexrad-level2/2010/10/10/KBOX/KBOX20101010_152420_V03.gz']"
T,C560,BED UUA /OV BED /TM 1437 /FL002 /TP C560 /TB LGT MOD /RM LLWS +/-10KT 002-SFC DURD RY29 BED,LGT MOD,201010151400-KMSC-UBUS01-PIREP,200.0,42.47,-71.28,2010-10-15 14:37:00,2.0,M,"('KBOX', 'KGYX', 'KOKX', 'KENX', 'KCXX')","['s3://unidata-nexrad-level2/2010/10/15/KBOX/KBOX20101015_143652_V03.gz', 's3://unidata-nexrad-level2/2010/10/15/KGYX/KGYX20101015_143250_V03.gz', 's3://unidata-nexrad-level2/2010/10/15/KOKX/KOKX20101015_143026_V03.gz', 's3://unidata-nexrad-level2/2010/10/15/KENX/KENX20101015_143637_V03.gz', 's3://unidata-nexrad-level2/2010/10/15/KCXX/KCXX20101015_143656_V03.gz']"
T,D328,HTS UUA /OV YRK/TM 1709/FL300/TP D328/TB EXTRM/RM ONLY 15 SECONDS IN DESCENT,EXTRM,201010051715-KWBC-UBWV91-PIREP,30000.0,38.64,-82.98,2010-10-05 17:09:00,7.0,M,"('KJKL', 'KILN', 'KRLX', 'KLVX', 'KMRX')","['s3://unidata-nexrad-level2/2010/10/05/KJKL/KJKL20101005_170822_V03.gz', 's3://unidata-nexrad-level2/2010/10/05/KILN/KILN20101005_170235_V03.gz', 's3://unidata-nexrad-level2/2010/10/05/KRLX/KRLX20101005_170413_V03.gz', 's3://unidata-nexrad-level2/2010/10/05/KLVX/KLVX20101005_165936_V03.gz', 's3://unidata-nexrad-level2/2010/10/05/KMRX/KMRX20101005_170345_V03.gz']"
T,P28A,MUO UUA /OV BOI135022 /TM 0032 /FL065 /TP P28A /TB SEV /RM /TB RPTD DURD 065-058,SEV,,6500.0,43.30737651247253,-115.88270299706905,2010-10-04 00:32:00,5.0,L,"('KCBX', 'KSFX', 'KLRX', 'KPDT', 'KMTX')","['s3://unidata-nexrad-level2/2010/10/04/KCBX/KCBX20101004_002847_V03.gz', 's3://unidata-nexrad-level2/2010/10/04/KSFX/KSFX20101004_003122_V03.gz', 's3://unidata-nexrad-level2/2010/10/04/KLRX/KLRX20101004_002752_V03.gz', 's3://unidata-nexrad-level2/2010/10/04/KPDT/KPDT20101004_003155_V03.gz', 's3://unidata-nexrad-level2/2010/10/04/KMTX/KMTX20101004_003045_V03.gz']"
F,B190,HYS UA /OV HYS256046/TM 0345/FL190/TP B190/SK BASES 143 MSL/TA -10/TB SEV /IC MOD RIME,SEV,201010090405-KWBC-UBKS90-PIREP,19000.0,38.664511523342185,-100.2352675695224,2010-10-09 03:45:00,5.0,M,"('KDDC', 'KGLD', 'KUEX', 'KICT', 'KVNX')","['s3://unidata-nexrad-level2/2010/10/09/KDDC/KDDC20101009_034123_V03.gz', 's3://unidata-nexrad-level2/2010/10/09/KGLD/KGLD20101009_034201_V03.gz', 's3://unidata-nexrad-level2/2010/10/09/KUEX/KUEX20101009_034024_V03.gz', 's3://unidata-nexrad-level2/2010/10/09/KICT/KICT20101009_034457_V03.gz', 's3://unidata-nexrad-level2/2010/10/09/KVNX/KVNX20101009_033742_V03.gz']"
T,FA20,RBL UUA /OV RBL 108040/TM 1919/FL370/TP FA20/TB SEV/RM ZOA CWSU,SEV,201010051935-KWBC-UBCA90-PIREP,37000.0,39.89397198348232,-121.41104027437068,2010-10-05 19:19:00,5.0,M,"('KBBX', 'KDAX', 'KRGX', 'KBHX', 'KMAX')","['s3://unidata-nexrad-level2/2010/10/05/KBBX/KBBX20101005_191236_V04.gz', 's3://unidata-nexrad-level2/2010/10/05/KDAX/KDAX20101005_191835_V03.gz', 's3://unidata-nexrad-level2/2010/10/05/KRGX/KRGX20101005_191756_V03.gz', 's3://unidata-nexrad-level2/2010/10/05/KBHX/KBHX20101005_191009_V03.gz']"
F,BE20,VLL UA /OV PTK090010 /TM 1914 /FL055 /TP BE20 /TB CONT MOD,CONT MOD,,5500.0,42.6655,-83.19340381796717,2010-10-07 19:14:00,3.0,M,"('KDTX', 'KCLE', 'KGRR', 'KIWX', 'KAPX')","['s3://unidata-nexrad-level2/2010/10/07/KDTX/KDTX20101007_190659_V03.gz', 's3://unidata-nexrad-level2/2010/10/07/KCLE/KCLE20101007_190516_V03.gz', 's3://unidata-nexrad-level2/2010/10/07/KIWX/KIWX20101007_191151_V03.gz', 's3://unidata-nexrad-level2/2010/10/07/KAPX/KAPX20101007_190900_V03.gz']"
F,KC135,HNL UA /OV 2035N 17500E/TM 1143/FL350/TP KC135/TB SEV FL350-370/RM ZOA CWSU,SEV FL350-370,201010261205-KWBC-UBHI90-PIREP,35000.0,20.5833,175.0,2010-10-26 11:43:00,5.0,U,"('PGUA', 'RODN', 'RKSG', 'RKJK', 'LPLA')","['s3://unidata-nexrad-level2/2010/10/26/RKSG/RKSG20101026_114155_V04.gz', 's3://unidata-nexrad-level2/2010/10/26/RKJK/RKJK20101026_114152_V04.gz']"
T,P28A,MUO UUA /OV BOI135022 /TM 0032 /FL065 /TP P28A /TB SEV,SEV,,6500.0,43.30737651247253,-115.88270299706905,2010-10-04 00:32:00,5.0,L,"('KCBX', 'KSFX', 'KLRX', 'KPDT', 'KMTX')","['s3://unidata-nexrad-level2/2010/10/04/KCBX/KCBX20101004_002847_V03.gz', 's3://unidata-nexrad-level2/2010/10/04/KSFX/KSFX20101004_003122_V03.gz', 's3://unidata-nexrad-level2/2010/10/04/KLRX/KLRX20101004_002752_V03.gz', 's3://unidata-nexrad-level2/2010/10/04/KPDT/KPDT20101004_003155_V03.gz', 's3://unidata-nexrad-level2/2010/10/04/KMTX/KMTX20101004_003045_V03.gz']"
F,A340,ORF UA /OV 3225N 05045W /TM 0140/FL370/TP A340/TB MOD,MOD,201010120200-KWBC-UBVA90-PIREP,37000.0,32.4166,-50.75,2010-10-12 01:40:00,3.0,L,"('KCBW', 'KBOX', 'KGYX', 'KOKX', 'LPLA')","['s3://unidata-nexrad-level2/2010/10/12/KCBW/KCBW20101012_013308_V03.gz', 's3://unidata-nexrad-level2/2010/10/12/KBOX/KBOX20101012_013539_V03.gz', 's3://unidata-nexrad-level2/2010/10/12/KGYX/KGYX20101012_013628_V03.gz', 's3://unidata-nexrad-level2/2010/10/12/KOKX/KOKX20101012_013620_V03.gz']"
F,E135,CHA UA /OV GQO 135010/TM 1141/FL230/TP E135/TB MOD 230-290/RM ZTL CWSU,MOD 230-290,201010131150-KWBC-UBTN90-PIREP,23000.0,34.84213932385115,-85.00618894666698,2010-10-13 11:41:00,3.0,M,"('KHTX', 'KFFC', 'KMRX', 'KOHX', 'KBMX')","['s3://unidata-nexrad-level2/2010/10/13/KHTX/KHTX20101013_113829_V03.gz', 's3://unidata-nexrad-level2/2010/10/13/KFFC/KFFC20101013_113738_V03.gz', 's3://unidata-nexrad-level2/2010/10/13/KMRX/KMRX20101013_113837_V03.gz', 's3://unidata-nexrad-level2/2010/10/13/KOHX/KOHX20101013_113658_V03.gz', 's3://unidata-nexrad-level2/2010/10/13/KBMX/KBMX20101013_113538_V03.gz']"
F,BE35,CUT UA /OV CDR009040 /TM 1633 /FL120 /TP BE35 /SK SKC /WV 31028KT /TB NEG,NEG,,12000.0,43.49607222895382,-102.9531558207948,2010-10-01 16:33:00,0.0,L,"('KUDX', 'KLNX', 'KCYS', 'KBIS', 'KFTG')","['s3://unidata-nexrad-level2/2010/10/01/KUDX/KUDX20101001_162943_V03.gz', 's3://unidata-nexrad-level2/2010/10/01/KLNX/KLNX20101001_162922_V03.gz', 's3://unidata-nexrad-level2/2010/10/01/KCYS/KCYS20101001_163142_V03.gz', 's3://unidata-nexrad-level2/2010/10/01/KBIS/KBIS20101001_163237_V03.gz', 's3://unidata-nexrad-level2/2010/10/01/KFTG/KFTG20101001_163157_V03.gz']"
F,CL60,NJM UA /OV DIW145050 /TM 0055 /FL380 /TP CL60 /TA M50 /TB NEG /RM SMOOTH,NEG,,38000.0,33.88731800360756,-76.86948070511215,2010-10-09 00:55:00,0.0,M,"('KMHX', 'KLTX', 'KRAX', 'KAKQ', 'KCAE')","['s3://unidata-nexrad-level2/2010/10/09/KMHX/KMHX20101009_005142_V03.gz', 's3://unidata-nexrad-level2/2010/10/09/KLTX/KLTX20101009_005258_V03.gz', 's3://unidata-nexrad-level2/2010/10/09/KRAX/KRAX20101009_005456_V03.gz', 's3://unidata-nexrad-level2/2010/10/09/KAKQ/KAKQ20101009_005333_V03.gz', 's3://unidata-nexrad-level2/2010/10/09/KCAE/KCAE20101009_004913_V03.gz']"
T,E190,SNC UUA /OV MAD /TM 1551 /FL210 /TP E190 /TB SEV,SEV,,21000.0,41.31,-72.69,2010-10-06 15:51:00,5.0,U,"('KOKX', 'KBOX', 'KENX', 'KDIX', 'KBGM')","['s3://unidata-nexrad-level2/2010/10/06/KOKX/KOKX20101006_154937_V03.gz', 's3://unidata-nexrad-level2/2010/10/06/KBOX/KBOX20101006_155050_V03.gz', 's3://unidata-nexrad-level2/2010/10/06/KENX/KENX20101006_154539_V03.gz', 's3://unidata-nexrad-level2/2010/10/06/KDIX/KDIX20101006_154737_V03.gz', 's3://unidata-nexrad-level2/2010/10/06/KBGM/KBGM20101006_154744_V03.gz']"
F,B712,ACY UA /OV SIE215030/TM 2040/FL150/TP B712/TB MDT-SEV CAT/RM AC ON VCN8 ARRIVAL,MDT-SEV CAT,201010212055-KWBC-UBNJ90-PIREP,15000.0,38.690390802164536,-75.16958027952036,2010-10-21 20:40:00,5.0,M,"('KDOX', 'KDIX', 'KLWX', 'KAKQ', 'KOKX')","['s3://unidata-nexrad-level2/2010/10/21/KDOX/KDOX20101021_203437_V04.gz', 's3://unidata-nexrad-level2/2010/10/21/KDIX/KDIX20101021_203647_V03.gz', 's3://unidata-nexrad-level2/2010/10/21/KLWX/KLWX20101021_203516_V03.gz', 's3://unidata-nexrad-level2/2010/10/21/KAKQ/KAKQ20101021_203718_V03.gz', 's3://unidata-nexrad-level2/2010/10/21/KOKX/KOKX20101021_203836_V03.gz']"
F,B737,LVS UA /OV FTI/TM 0258/FL390/TP B737/WV 204021KT/TB INTMT LGT CHOP/RM AWC-WEB:SWA,INTMT LGT CHOP,201010220300-KMSC-UBUS01-PIREP,39000.0,35.66,-105.14,2010-10-22 02:58:00,1.0,M,"('KFDX', 'KABX', 'KPUX', 'KHDX', 'KAMA')","['s3://unidata-nexrad-level2/2010/10/22/KFDX/KFDX20101022_025348_V04.gz', 's3://unidata-nexrad-level2/2010/10/22/KABX/KABX20101022_025427_V03.gz', 's3://unidata-nexrad-level2/2010/10/22/KPUX/KPUX20101022_025744_V03.gz', 's3://unidata-nexrad-level2/2010/10/22/KHDX/KHDX20101022_025538_V04.gz', 's3://unidata-nexrad-level2/2010/10/22/KAMA/KAMA20101022_025423_V03.gz']"
T,C172,PUB UUA /OV PUB090004 /TM 1948 /FL063 /TP C172 /TB SEV,SEV,,6300.0,38.29,-104.41338493599704,2010-10-05 19:48:00,5.0,L,"('KPUX', 'KFTG', 'KGLD', 'KCYS', 'KFDX')","['s3://unidata-nexrad-level2/2010/10/05/KPUX/KPUX20101005_194408_V03.gz', 's3://unidata-nexrad-level2/2010/10/05/KFTG/KFTG20101005_194057_V03.gz', 's3://unidata-nexrad-level2/2010/10/05/KGLD/KGLD20101005_194328_V03.gz', 's3://unidata-nexrad-level2/2010/10/05/KCYS/KCYS20101005_194721_V03.gz', 's3://unidata-nexrad-level2/2010/10/05/KFDX/KFDX20101005_194655_V04.gz']"
T,BE20,BDR UUA /OV BDR /TM 2209 /FL060 /TP BE20 /TB SEV,SEV,201010142215-KWBC-UBCT90-PIREP,6000.0,41.16,-73.12,2010-10-14 22:09:00,5.0,M,"('KOKX', 'KDIX', 'KENX', 'KBOX', 'KBGM')","['s3://unidata-nexrad-level2/2010/10/14/KOKX/KOKX20101014_220327_V03.gz', 's3://unidata-nexrad-level2/2010/10/14/KDIX/KDIX20101014_220323_V03.gz', 's3://unidata-nexrad-level2/2010/10/14/KENX/KENX20101014_220455_V03.gz', 's3://unidata-nexrad-level2/2010/10/14/KBOX/KBOX20101014_220845_V03.gz', 's3://unidata-nexrad-level2/2010/10/14/KBGM/KBGM20101014_220357_V03.gz']"
F,P32R,TIP UA /OV RBS /TM 1714 /FL070 /TP P32R /SK TOP065 /TA M08 /TB NEG,NEG,,7000.0,40.58,-88.16,2010-10-03 17:14:00,0.0,L,"('KILX', 'KLOT', 'KIND', 'KVWX', 'KMKX')","['s3://unidata-nexrad-level2/2010/10/03/KILX/KILX20101003_170627_V03.gz', 's3://unidata-nexrad-level2/2010/10/03/KLOT/KLOT20101003_170833_V03.gz', 's3://unidata-nexrad-level2/2010/10/03/KIND/KIND20101003_170458_V03.gz', 's3://unidata-nexrad-level2/2010/10/03/KMKX/KMKX20101003_170825_V03.gz']"
F,CRJ7,PMD UA /OV PMD215010 /TM 2256 /FL080 /TP CRJ7 /TB MOD /RM BASES FL080,MOD,201010042315-KWBC-UBCA90-PIREP,8000.0,34.49346360072151,-118.17618776425286,2010-10-04 22:56:00,3.0,M,"('KEYX', 'KSOX', 'KVTX', 'KNKX', 'KVBX')","['s3://unidata-nexrad-level2/2010/10/04/KSOX/KSOX20101004_225459_V03.gz', 's3://unidata-nexrad-level2/2010/10/04/KVTX/KVTX20101004_225324_V03.gz', 's3://unidata-nexrad-level2/2010/10/04/KNKX/KNKX20101004_225332_V03.gz']"
T,BE20,FNL UUA /OV DEN345035 /TM 1325 /FL160 /TP BE20 /TB SEV,SEV,201010261300-KMSC-UBUS01-PIREP,16000.0,40.37350237204289,-104.85655760229471,2010-10-26 13:25:00,5.0,M,"('KFTG', 'KCYS', 'KPUX', 'KGLD', 'KGJX')","['s3://unidata-nexrad-level2/2010/10/26/KFTG/KFTG20101026_132233_V03.gz', 's3://unidata-nexrad-level2/2010/10/26/KCYS/KCYS20101026_132124_V03.gz', 's3://unidata-nexrad-level2/2010/10/26/KPUX/KPUX20101026_132202_V03.gz', 's3://unidata-nexrad-level2/2010/10/26/KGLD/KGLD20101026_132407_V03.gz', 's3://unidata-nexrad-level2/2010/10/26/KGJX/KGJX20101026_132449_V03.gz']"
F,C77R,DPG UA /OV DTA315033 /TM 2306 /FL135 /TP C77R /TA 06 /TB NEG /RM SMOOTH,NEG,201010282315-KWBC-UBUT90-PIREP,13500.0,39.6889402312912,-113.01261052140036,2010-10-28 23:06:00,0.0,L,"('KMTX', 'KICX', 'KLRX', 'KSFX', 'KESX')","['s3://unidata-nexrad-level2/2010/10/28/KMTX/KMTX20101028_230359_V03.gz', 's3://unidata-nexrad-level2/2010/10/28/KICX/KICX20101028_230217_V03.gz', 's3://unidata-nexrad-level2/2010/10/28/KLRX/KLRX20101028_230357_V03.gz', 's3://unidata-nexrad-level2/2010/10/28/KSFX/KSFX20101028_230111_V03.gz', 's3://unidata-nexrad-level2/2010/10/28/KESX/KESX20101028_230148_V03.gz']"
T,A321,LIC UUA /OV HGO 300040/TM 1946/FL330/TP A321/TB SEV/RM SEV TURB LASTED 10 SEC..THEN SEV MTN WV LASTED 20 SEC..CWSU ZDV,SEV,201010252000-KWBC-UBCO91-PIREP,33000.0,39.143360333360334,-104.37098543350336,2010-10-25 19:46:00,5.0,M,"('KPUX', 'KFTG', 'KGLD', 'KCYS', 'KGJX')","['s3://unidata-nexrad-level2/2010/10/25/KPUX/KPUX20101025_194424_V03.gz', 's3://unidata-nexrad-level2/2010/10/25/KFTG/KFTG20101025_194127_V03.gz', 's3://unidata-nexrad-level2/2010/10/25/KGLD/KGLD20101025_193743_V03.gz', 's3://unidata-nexrad-level2/2010/10/25/KCYS/KCYS20101025_194540_V03.gz', 's3://unidata-nexrad-level2/2010/10/25/KGJX/KGJX20101025_194159_V03.gz']"
F,C172,GUS UA /OV BVT100028 /TM 1611 /FL045 /TP C172 /SK SKC /TA 16 /WV 27922KT /TB NEG /RM SMOOTH,NEG,201010101620-KWBC-UBIN90-PIREP,4500.0,40.47895761984776,-86.46502595555214,2010-10-10 16:11:00,0.0,L,"('KIND', 'KIWX', 'KLOT', 'KVWX', 'KLVX')","['s3://unidata-nexrad-level2/2010/10/10/KIND/KIND20101010_160822_V03.gz', 's3://unidata-nexrad-level2/2010/10/10/KIWX/KIWX20101010_161002_V03.gz', 's3://unidata-nexrad-level2/2010/10/10/KLOT/KLOT20101010_160641_V03.gz', 's3://unidata-nexrad-level2/2010/10/10/KVWX/KVWX20101010_160329_V03.gz', 's3://unidata-nexrad-level2/2010/10/10/KLVX/KLVX20101010_160858_V03.gz']"
F,B738,OSC UA /OV ASP/TM 1914/FL350/TP B738/TA M53/WV 27372KT/TB INTMT LGT CHOP 350/RM AWC-WEB:ASA,INTMT LGT CHOP 350,201010161920-KWBC-UBMI90-PIREP,35000.0,44.45,-83.39,2010-10-16 19:14:00,1.0,M,"('KAPX', 'KGRR', 'KDTX', 'KCLE', 'KGRB')","['s3://unidata-nexrad-level2/2010/10/16/KAPX/KAPX20101016_191240_V03.gz', 's3://unidata-nexrad-level2/2010/10/16/KGRR/KGRR20101016_191052_V03.gz', 's3://unidata-nexrad-level2/2010/10/16/KDTX/KDTX20101016_191300_V03.gz', 's3://unidata-nexrad-level2/2010/10/16/KCLE/KCLE20101016_190613_V03.gz', 's3://unidata-nexrad-level2/2010/10/16/KGRB/KGRB20101016_191308_V03.gz']"
T,C182,VGT UUA /OV VGT045010 /TM 1926 /FL040 /TP C182 /TB SEV,SEV,,4000.0,36.32855067614885,-115.04836494175196,2010-10-01 19:26:00,5.0,L,"('KESX', 'KICX', 'KEYX', 'KSOX', 'KYUX')","['s3://unidata-nexrad-level2/2010/10/01/KESX/KESX20101001_192141_V03.gz', 's3://unidata-nexrad-level2/2010/10/01/KICX/KICX20101001_192346_V03.gz', 's3://unidata-nexrad-level2/2010/10/01/KSOX/KSOX20101001_192158_V03.gz', 's3://unidata-nexrad-level2/2010/10/01/KYUX/KYUX20101001_192142_V03.gz']"
T,E190,ACY UUA /OV SIE330010/TM 1133/FL110/TP E190/TB SEV,SEV,,11000.0,39.24434925865205,-74.90739059234242,2010-10-01 11:33:00,5.0,U,"('KDOX', 'KDIX', 'KLWX', 'KOKX', 'KAKQ')","['s3://unidata-nexrad-level2/2010/10/01/KDOX/KDOX20101001_113119_V04.gz', 's3://unidata-nexrad-level2/2010/10/01/KDIX/KDIX20101001_113136_V03.gz', 's3://unidata-nexrad-level2/2010/10/01/KLWX/KLWX20101001_113023_V03.gz', 's3://unidata-nexrad-level2/2010/10/01/KOKX/KOKX20101001_113051_V03.gz', 's3://unidata-nexrad-level2/2010/10/01/KAKQ/KAKQ20101001_113249_V03.gz']"
T,D328,HTS UUA /OV YRK/TM 1709/FL300/TP D328/TB EXTRM/RM ONLY 15 SECONDS INDESCENT,EXTRM,,30000.0,38.64,-82.98,2010-10-05 17:09:00,7.0,M,"('KJKL', 'KILN', 'KRLX', 'KLVX', 'KMRX')","['s3://unidata-nexrad-level2/2010/10/05/KJKL/KJKL20101005_170822_V03.gz', 's3://unidata-nexrad-level2/2010/10/05/KILN/KILN20101005_170235_V03.gz', 's3://unidata-nexrad-level2/2010/10/05/KRLX/KRLX20101005_170413_V03.gz', 's3://unidata-nexrad-level2/2010/10/05/KLVX/KLVX20101005_165936_V03.gz', 's3://unidata-nexrad-level2/2010/10/05/KMRX/KMRX20101005_170345_V03.gz']"
F,LJ31,LIT UA /OV LIT280070/TM 0023/FL433/TP LJ31/TB MOD 433-470/RM ZME,MOD 433-470,201010270000-KMSC-UBUS01-PIREP,43300.0,34.882605950380615,-93.5772707889148,2010-10-27 00:23:00,3.0,M,"('KLZK', 'KSRX', 'KINX', 'KSGF', 'KSHV')","['s3://unidata-nexrad-level2/2010/10/27/KLZK/KLZK20101027_001642_V03.gz', 's3://unidata-nexrad-level2/2010/10/27/KINX/KINX20101027_001845_V03.gz', 's3://unidata-nexrad-level2/2010/10/27/KSGF/KSGF20101027_002251_V03.gz', 's3://unidata-nexrad-level2/2010/10/27/KSHV/KSHV20101027_001819_V03.gz']"
F,B737,LMT UA /OV LMT/TM 0311/FL360/TP B737/TB OCNL LGT CHOP 360/IC NEG/RM AWC-WEB:ASA,OCNL LGT CHOP 360,201010300320-KWBC-UBOR90-PIREP,36000.0,42.15,-121.73,2010-10-30 03:11:00,1.0,M,"('KMAX', 'KBHX', 'KBBX', 'KRGX', 'KDAX')","['s3://unidata-nexrad-level2/2010/10/30/KMAX/KMAX20101030_030902_V03.gz', 's3://unidata-nexrad-level2/2010/10/30/KBHX/KBHX20101030_030815_V03.gz', 's3://unidata-nexrad-level2/2010/10/30/KBBX/KBBX20101030_031053_V04.gz', 's3://unidata-nexrad-level2/2010/10/30/KRGX/KRGX20101030_030633_V03.gz', 's3://unidata-nexrad-level2/2010/10/30/KDAX/KDAX20101030_030642_V03.gz']"
T,P28R,DCA UUA /OV OTT100015/TM 1908/FL080/TP P28R/TB EXTRM,EXTRM,201010031915-KWBC-UBDC90-PIREP,8000.0,38.66658443920415,-76.42446088798413,2010-10-03 19:08:00,7.0,L,"('KDOX', 'KLWX', 'KAKQ', 'KDIX', 'KCCX')","['s3://unidata-nexrad-level2/2010/10/03/KDOX/KDOX20101003_190430_V04.gz', 's3://unidata-nexrad-level2/2010/10/03/KLWX/KLWX20101003_190358_V03.gz', 's3://unidata-nexrad-level2/2010/10/03/KAKQ/KAKQ20101003_190621_V03.gz', 's3://unidata-nexrad-level2/2010/10/03/KDIX/KDIX20101003_190232_V03.gz', 's3://unidata-nexrad-level2/2010/10/03/KCCX/KCCX20101003_190759_V03.gz']"
T,C182,LSV UUA /OV VGT045010 /TM 1926 /FL040 /TP C182 /TB SEV,SEV,201010011930-KWBC-UBNV90-PIREP,4000.0,36.21786067614885,-114.93413100027904,2010-10-01 19:26:00,5.0,L,"('KESX', 'KICX', 'KEYX', 'KSOX', 'KYUX')","['s3://unidata-nexrad-level2/2010/10/01/KESX/KESX20101001_192141_V03.gz', 's3://unidata-nexrad-level2/2010/10/01/KICX/KICX20101001_192346_V03.gz', 's3://unidata-nexrad-level2/2010/10/01/KSOX/KSOX20101001_192158_V03.gz', 's3://unidata-nexrad-level2/2010/10/01/KYUX/KYUX20101001_192142_V03.gz']"
F,P180,DRA UA /OV BTY115015/TM 2329/FL270/TP P180/TB MOD/RM AWC-WEB:KZLA,MOD,201010230030-KWBC-UBNV90-PIREP,27000.0,36.69433687653646,-116.46701458475178,2010-10-22 23:29:00,3.0,L,"('KESX', 'KEYX', 'KHNX', 'KICX', 'KSOX')","['s3://unidata-nexrad-level2/2010/10/22/KESX/KESX20101022_232342_V03.gz', 's3://unidata-nexrad-level2/2010/10/22/KHNX/KHNX20101022_232821_V03.gz', 's3://unidata-nexrad-level2/2010/10/22/KICX/KICX20101022_232704_V03.gz', 's3://unidata-nexrad-level2/2010/10/22/KSOX/KSOX20101022_232715_V03.gz']"
T,B747,HNL UUA /OV 3340N 17920W/TM 1650/FL360/TP B747/TB SEV/RM ZOA CWSU,SEV,201010261705-KWBC-UBHI91-PIREP,36000.0,33.6666,-179.3333,2010-10-26 16:50:00,5.0,H,"('PHKI', 'PHMO', 'PHKM', 'PHWA', 'PABC')","['s3://unidata-nexrad-level2/2010/10/26/PHKI/PHKI20101026_164547_V04.gz', 's3://unidata-nexrad-level2/2010/10/26/PHMO/PHMO20101026_164612_V04.gz', 's3://unidata-nexrad-level2/2010/10/26/PHKM/PHKM20101026_164623_V04.gz', 's3://unidata-nexrad-level2/2010/10/26/PHWA/PHWA20101026_164455_V04.gz']"
T,C560,BID UUA /OV MVY230025 /TM 2353 /FL090 /TP C560 /TB SEV /RM SEV TB 090-070 MOD TB 070-030,SEV,201010130000-KMSC-UBUS01-PIREP,9000.0,41.13215013519376,-71.03555169705197,2010-10-12 23:53:00,5.0,M,"('KBOX', 'KOKX', 'KENX', 'KGYX', 'KDIX')","['s3://unidata-nexrad-level2/2010/10/12/KBOX/KBOX20101012_234932_V03.gz', 's3://unidata-nexrad-level2/2010/10/12/KOKX/KOKX20101012_234500_V03.gz', 's3://unidata-nexrad-level2/2010/10/12/KENX/KENX20101012_234819_V03.gz', 's3://unidata-nexrad-level2/2010/10/12/KGYX/KGYX20101012_234847_V03.gz', 's3://unidata-nexrad-level2/2010/10/12/KDIX/KDIX20101012_234911_V03.gz']"
F,B737,MLF UA /OV ILC 010040/TM 1807/FL380/TP B737/TB CONT MOD CHOP/RM ZLC,CONT MOD CHOP,,38000.0,38.906591681679984,-114.24257566182985,2010-10-05 18:07:00,3.0,M,"('KICX', 'KMTX', 'KLRX', 'KESX', 'KSFX')","['s3://unidata-nexrad-level2/2010/10/05/KICX/KICX20101005_180645_V03.gz', 's3://unidata-nexrad-level2/2010/10/05/KMTX/KMTX20101005_180353_V03.gz', 's3://unidata-nexrad-level2/2010/10/05/KLRX/KLRX20101005_180516_V03.gz', 's3://unidata-nexrad-level2/2010/10/05/KESX/KESX20101005_180654_V03.gz', 's3://unidata-nexrad-level2/2010/10/05/KSFX/KSFX20101005_180607_V03.gz']"
F,B752,MBPV UA /OV GTK359041/TM 1143/FL340/TP B752/TB CONT LGT-MOD/RM CONTLGT OCNL MOD TURB. HIGH TS COVG NEARBY. CWSU ZMA.,CONT LGT-MOD,,34000.0,22.013284599982136,-71.16280382770621,2010-10-01 11:43:00,2.0,M,"('KAMX', 'KAMX', 'KBYX', 'KMLB', 'KTBW')","['s3://unidata-nexrad-level2/2010/10/01/KAMX/KAMX20101001_113536_V03.gz', 's3://unidata-nexrad-level2/2010/10/01/KAMX/KAMX20101001_113536_V03.gz', 's3://unidata-nexrad-level2/2010/10/01/KBYX/KBYX20101001_114234_V03.gz', 's3://unidata-nexrad-level2/2010/10/01/KMLB/KMLB20101001_113725_V03.gz', 's3://unidata-nexrad-level2/2010/10/01/KTBW/KTBW20101001_114208_V03.gz']"
F,C182,MCI UA /OV MCI090012 /TM 1331 /FL050 /TP C182 /SK SKC /TB NEG,NEG,201010301340-KWBC-UBMO90-PIREP,5000.0,39.29,-94.48156469047954,2010-10-30 13:31:00,0.0,L,"('KEAX', 'KTWX', 'KSGF', 'KOAX', 'KDMX')","['s3://unidata-nexrad-level2/2010/10/30/KEAX/KEAX20101030_132550_V03.gz', 's3://unidata-nexrad-level2/2010/10/30/KTWX/KTWX20101030_132717_V03.gz', 's3://unidata-nexrad-level2/2010/10/30/KSGF/KSGF20101030_133011_V03.gz', 's3://unidata-nexrad-level2/2010/10/30/KOAX/KOAX20101030_132917_V03.gz', 's3://unidata-nexrad-level2/2010/10/30/KDMX/KDMX20101030_132743_V03.gz']"
F,JS32,UUA /OV CYHU 090015 /TM 0208 /FL030 /TP JS32 /TB SEV /RM ABM STEHYACINTHE,SEV,,3000.0,45.5166666667,-73.05985259140145,2010-10-01 02:08:00,5.0,M,"('KCXX', 'KTYX', 'KGYX', 'KENX', 'KBOX')","['s3://unidata-nexrad-level2/2010/10/01/KCXX/KCXX20101001_020659_V03.gz', 's3://unidata-nexrad-level2/2010/10/01/KTYX/KTYX20101001_020609_V04.gz', 's3://unidata-nexrad-level2/2010/10/01/KGYX/KGYX20101001_020334_V03.gz', 's3://unidata-nexrad-level2/2010/10/01/KENX/KENX20101001_020440_V03.gz', 's3://unidata-nexrad-level2/2010/10/01/KBOX/KBOX20101001_020504_V03.gz']"
F,BE99,IPL UA /OV IPL260008/TM 1520/FL030/TP BE99/WX TSRA/TB MOD 030-040/RM AWC-WEB:KZLA,MOD 030-040,,3000.0,32.81106503424222,-115.73502615678494,2010-10-02 15:20:00,3.0,L,"('KYUX', 'KNKX', 'KSOX', 'KEYX', 'KESX')","['s3://unidata-nexrad-level2/2010/10/02/KYUX/KYUX20101002_151817_V03.gz', 's3://unidata-nexrad-level2/2010/10/02/KNKX/KNKX20101002_151615_V03.gz', 's3://unidata-nexrad-level2/2010/10/02/KSOX/KSOX20101002_151833_V03.gz', 's3://unidata-nexrad-level2/2010/10/02/KESX/KESX20101002_151930_V03.gz']"
F,PA27,JKL UA /OV AZQ036013 /TM 2004 /FL100 /TP PA27 /TB NEG,NEG,,10000.0,37.56530121371036,-83.09969731623816,2010-10-05 20:04:00,0.0,L,"('KJKL', 'KRLX', 'KMRX', 'KILN', 'KGSP')","['s3://unidata-nexrad-level2/2010/10/05/KJKL/KJKL20101005_195831_V03.gz', 's3://unidata-nexrad-level2/2010/10/05/KRLX/KRLX20101005_200322_V03.gz', 's3://unidata-nexrad-level2/2010/10/05/KMRX/KMRX20101005_200121_V03.gz', 's3://unidata-nexrad-level2/2010/10/05/KILN/KILN20101005_200326_V03.gz', 's3://unidata-nexrad-level2/2010/10/05/KGSP/KGSP20101005_195557_V03.gz']"
F,B747,UUA /OV 7245N8121W /TM 1845 /FL360 /TP B747 /TB MDT-SEV /RM TURB WTN30 NM RAD,MDT-SEV,,36000.0,72.75,-81.35,2010-10-05 18:45:00,5.0,H,"('KMQT', 'KAPX', 'KDLH', 'KGRB', 'KCXX')","['s3://unidata-nexrad-level2/2010/10/05/KMQT/KMQT20101005_184142_V03.gz', 's3://unidata-nexrad-level2/2010/10/05/KAPX/KAPX20101005_184141_V03.gz', 's3://unidata-nexrad-level2/2010/10/05/KDLH/KDLH20101005_184442_V03.gz', 's3://unidata-nexrad-level2/2010/10/05/KGRB/KGRB20101005_184252_V03.gz', 's3://unidata-nexrad-level2/2010/10/05/KCXX/KCXX20101005_184328_V03.gz']"
T,C210,AVL UUA /OV SUG225010/TM 1800/FL100/TP C210/TB SEV/RM ZTL CWSU,SEV,,10000.0,35.292139323851146,-82.4146095926524,2010-10-07 18:00:00,5.0,L,"('KGSP', 'KMRX', 'KCAE', 'KJKL', 'KFCX')","['s3://unidata-nexrad-level2/2010/10/07/KGSP/KGSP20101007_175612_V03.gz', 's3://unidata-nexrad-level2/2010/10/07/KMRX/KMRX20101007_175255_V03.gz', 's3://unidata-nexrad-level2/2010/10/07/KCAE/KCAE20101007_175815_V03.gz', 's3://unidata-nexrad-level2/2010/10/07/KJKL/KJKL20101007_175233_V03.gz', 's3://unidata-nexrad-level2/2010/10/07/KFCX/KFCX20101007_175936_V03.gz']"
F,B737,PRB UA /OV AVE300025/TM 1446/FL410/TP B737/TB LGT-MOD CHOP/RM ZOA CWSU,LGT-MOD CHOP,201010231455-KWBC-UBCA90-PIREP,41000.0,35.85835020835021,-120.42410103136982,2010-10-23 14:46:00,2.0,M,"('KVBX', 'KHNX', 'KMUX', 'KVTX', 'KEYX')","['s3://unidata-nexrad-level2/2010/10/23/KHNX/KHNX20101023_144356_V03.gz', 's3://unidata-nexrad-level2/2010/10/23/KMUX/KMUX20101023_144405_V03.gz', 's3://unidata-nexrad-level2/2010/10/23/KVTX/KVTX20101023_144300_V03.gz']"
T,B752,NSI UUA /OV SXC213100 /TM 1150 /FL390 /TP B752 /TB SEV,SEV,,39000.0,31.98210249945107,-119.5071398829621,2010-10-05 11:50:00,5.0,M,"('KNKX', 'KSOX', 'KVTX', 'KVBX', 'KEYX')","['s3://unidata-nexrad-level2/2010/10/05/KNKX/KNKX20101005_114902_V03.gz', 's3://unidata-nexrad-level2/2010/10/05/KSOX/KSOX20101005_114537_V03.gz', 's3://unidata-nexrad-level2/2010/10/05/KVTX/KVTX20101005_114729_V03.gz']"
T,E145,CLE UUA /OV CLE315030 /TM 1658 /FL040 /TP E145 /TB SEV 100-070/ MOD 070-040,SEV 100-070,201010051720-KWBC-UBOH90-PIREP,4000.0,41.77358202844656,-82.32151803271495,2010-10-05 16:58:00,5.0,M,"('KCLE', 'KDTX', 'KPBZ', 'KIWX', 'KILN')","['s3://unidata-nexrad-level2/2010/10/05/KCLE/KCLE20101005_165328_V03.gz', 's3://unidata-nexrad-level2/2010/10/05/KDTX/KDTX20101005_165537_V03.gz', 's3://unidata-nexrad-level2/2010/10/05/KPBZ/KPBZ20101005_165505_V03.gz', 's3://unidata-nexrad-level2/2010/10/05/KIWX/KIWX20101005_165540_V03.gz', 's3://unidata-nexrad-level2/2010/10/05/KILN/KILN20101005_165259_V03.gz']"
T,A320,MJX UUA /OV CYN090015/TM 0042/FL170/TP A320/TB SEV /RM 150 THRU 170,SEV,,17000.0,39.82,-74.1044782462491,2010-10-05 00:42:00,5.0,M,"('KDIX', 'KOKX', 'KDOX', 'KLWX', 'KENX')","['s3://unidata-nexrad-level2/2010/10/05/KDIX/KDIX20101005_003832_V03.gz', 's3://unidata-nexrad-level2/2010/10/05/KOKX/KOKX20101005_004052_V03.gz', 's3://unidata-nexrad-level2/2010/10/05/KDOX/KDOX20101005_003725_V04.gz', 's3://unidata-nexrad-level2/2010/10/05/KLWX/KLWX20101005_004159_V03.gz', 's3://unidata-nexrad-level2/2010/10/05/KENX/KENX20101005_003801_V03.gz']"
F,PA31,MOD UA /OV MOD /TM 2117 /FL075 /TP PA31 /TA 08 /TB NEG /RM SMOOTH,NEG,,7500.0,37.62582,-120.95442,2010-10-08 21:17:00,0.0,L,"('KDAX', 'KMUX', 'KHNX', 'KBBX', 'KRGX')","['s3://unidata-nexrad-level2/2010/10/08/KDAX/KDAX20101008_211549_V03.gz', 's3://unidata-nexrad-level2/2010/10/08/KMUX/KMUX20101008_211503_V03.gz', 's3://unidata-nexrad-level2/2010/10/08/KHNX/KHNX20101008_211053_V03.gz', 's3://unidata-nexrad-level2/2010/10/08/KBBX/KBBX20101008_211105_V04.gz', 's3://unidata-nexrad-level2/2010/10/08/KRGX/KRGX20101008_211246_V03.gz']"
T,C25B,BHM UUA /OV VUZ135030/TM 1018/FL180/TP C25B/TB EXTRM/RM RPTD MOSTLY MOD TB WITH 5 SECONDS OF EXTRM TB. ZTL CWSU,EXTRM,201010271030-KWBC-UBAL90-PIREP,18000.0,33.31641797155345,-86.47514646443855,2010-10-27 10:18:00,7.0,U,"('KBMX', 'KMXX', 'KHTX', 'KFFC', 'KGWX')","['s3://unidata-nexrad-level2/2010/10/27/KBMX/KBMX20101027_101642_V03.gz', 's3://unidata-nexrad-level2/2010/10/27/KHTX/KHTX20101027_101509_V03.gz', 's3://unidata-nexrad-level2/2010/10/27/KFFC/KFFC20101027_101747_V03.gz']"
F,B736,UUA /OV CYRM /TM 1514 /FL390 /TP B736 /TB SEV,SEV,,39000.0,52.43,-114.9,2010-10-10 15:14:00,5.0,M,"('KMSX', 'KOTX', 'KTFX', 'KPDT', 'KATX')","['s3://unidata-nexrad-level2/2010/10/10/KMSX/KMSX20101010_150420_V03.gz', 's3://unidata-nexrad-level2/2010/10/10/KOTX/KOTX20101010_151104_V03.gz', 's3://unidata-nexrad-level2/2010/10/10/KTFX/KTFX20101010_150618_V03.gz', 's3://unidata-nexrad-level2/2010/10/10/KPDT/KPDT20101010_151109_V03.gz', 's3://unidata-nexrad-level2/2010/10/10/KATX/KATX20101010_150917_V03.gz']"
T,C182,NHK UUA /OV PXT/TM 1908/FL090/TP C182/TB SEV,SEV,,9000.0,38.29,-76.4,2010-10-03 19:08:00,5.0,L,"('KDOX', 'KLWX', 'KAKQ', 'KDIX', 'KCCX')","['s3://unidata-nexrad-level2/2010/10/03/KDOX/KDOX20101003_190430_V04.gz', 's3://unidata-nexrad-level2/2010/10/03/KLWX/KLWX20101003_190358_V03.gz', 's3://unidata-nexrad-level2/2010/10/03/KAKQ/KAKQ20101003_190621_V03.gz', 's3://unidata-nexrad-level2/2010/10/03/KDIX/KDIX20101003_190232_V03.gz', 's3://unidata-nexrad-level2/2010/10/03/KCCX/KCCX20101003_190759_V03.gz']"
F,CRJ2,ENV UA /OV BVL-BVL090020/TM 0017/FL290/TP CRJ2/TB MOD CHOP290-260/ZLC,MOD CHOP290-260,,29000.0,40.71869,-114.03089,2010-10-07 00:17:00,3.0,M,"('KMTX', 'KLRX', 'KSFX', 'KCBX', 'KICX')","['s3://unidata-nexrad-level2/2010/10/07/KMTX/KMTX20101007_001235_V03.gz', 's3://unidata-nexrad-level2/2010/10/07/KLRX/KLRX20101007_001146_V03.gz', 's3://unidata-nexrad-level2/2010/10/07/KSFX/KSFX20101007_001444_V03.gz', 's3://unidata-nexrad-level2/2010/10/07/KCBX/KCBX20101007_001652_V03.gz', 's3://unidata-nexrad-level2/2010/10/07/KICX/KICX20101007_001448_V03.gz']"
F,B737,UUA /OV CYUY /TM 0744 /FL330 /TP B737 /TB SEV,SEV,,33000.0,48.20611,-78.83556,2010-10-07 07:44:00,5.0,M,"('KBUF', 'KTYX', 'KBGM', 'KAPX', 'KCXX')","['s3://unidata-nexrad-level2/2010/10/07/KBUF/KBUF20101007_074029_V03.gz', 's3://unidata-nexrad-level2/2010/10/07/KTYX/KTYX20101007_073922_V04.gz', 's3://unidata-nexrad-level2/2010/10/07/KBGM/KBGM20101007_073927_V03.gz', 's3://unidata-nexrad-level2/2010/10/07/KAPX/KAPX20101007_074327_V03.gz', 's3://unidata-nexrad-level2/2010/10/07/KCXX/KCXX20101007_073910_V03.gz']"
T,BE35,BDR UUA /OV BDR /TM 2234 /FL060 /TP BE35 /TB SEV,SEV,201010142240-KWBC-UBCT91-PIREP,6000.0,41.16,-73.12,2010-10-14 22:34:00,5.0,L,"('KOKX', 'KDIX', 'KENX', 'KBOX', 'KBGM')","['s3://unidata-nexrad-level2/2010/10/14/KOKX/KOKX20101014_223225_V03.gz', 's3://unidata-nexrad-level2/2010/10/14/KDIX/KDIX20101014_223218_V03.gz', 's3://unidata-nexrad-level2/2010/10/14/KENX/KENX20101014_223357_V03.gz', 's3://unidata-nexrad-level2/2010/10/14/KBOX/KBOX20101014_222955_V03.gz', 's3://unidata-nexrad-level2/2010/10/14/KBGM/KBGM20101014_223256_V03.gz']"
F,BE9L,SGF UA /OV SGF270020 /TM 1131 /FL200 /TP BE9L /WX FV99SM /TB NEG /RM SMTH,NEG,201010071140-KWBC-UBMO90-PIREP,20000.0,37.36,-93.7494063978218,2010-10-07 11:31:00,0.0,L,"('KSGF', 'KEAX', 'KINX', 'KSRX', 'KTWX')","['s3://unidata-nexrad-level2/2010/10/07/KSGF/KSGF20101007_112313_V03.gz', 's3://unidata-nexrad-level2/2010/10/07/KEAX/KEAX20101007_112353_V03.gz', 's3://unidata-nexrad-level2/2010/10/07/KINX/KINX20101007_112405_V03.gz', 's3://unidata-nexrad-level2/2010/10/07/KSRX/KSRX20101007_112429_V03.gz', 's3://unidata-nexrad-level2/2010/10/07/KTWX/KTWX20101007_112227_V03.gz']"
F,A320,MBPV UA /OV ZIN315100/TM 0018/FL340/TP A320/TB SEV CAT/RM 500FT LOSS.CWSU ZMA.,SEV CAT,,34000.0,22.008606761488497,-74.93102804007461,2010-10-05 00:18:00,5.0,M,"('KAMX', 'KAMX', 'KBYX', 'KMLB', 'KTBW')","['s3://unidata-nexrad-level2/2010/10/05/KAMX/KAMX20101005_001553_V03.gz', 's3://unidata-nexrad-level2/2010/10/05/KAMX/KAMX20101005_001553_V03.gz', 's3://unidata-nexrad-level2/2010/10/05/KBYX/KBYX20101005_001109_V03.gz', 's3://unidata-nexrad-level2/2010/10/05/KMLB/KMLB20101005_001310_V03.gz', 's3://unidata-nexrad-level2/2010/10/05/KTBW/KTBW20101005_000809_V03.gz']"
T,C750,PUB UUA /OV PUB 260020/TM 2047/FL450/TP C750/TB SEV/RM CWSU ZDV,SEV,201010252055-KWBC-UBCO91-PIREP,45000.0,38.232112585605535,-104.8482727880512,2010-10-25 20:47:00,5.0,M,"('KPUX', 'KFTG', 'KGLD', 'KGJX', 'KCYS')","['s3://unidata-nexrad-level2/2010/10/25/KPUX/KPUX20101025_204433_V03.gz', 's3://unidata-nexrad-level2/2010/10/25/KFTG/KFTG20101025_203744_V03.gz', 's3://unidata-nexrad-level2/2010/10/25/KGLD/KGLD20101025_204518_V03.gz', 's3://unidata-nexrad-level2/2010/10/25/KGJX/KGJX20101025_204429_V03.gz', 's3://unidata-nexrad-level2/2010/10/25/KCYS/KCYS20101025_204521_V03.gz']"
F,B738,GTF UA /OV GTF313031/TM 1648/FL360/TP B738/TB OCNL LGT CHOP/RM AWC-WEB:ASA,OCNL LGT CHOP,,36000.0,47.82569436102553,-111.94127359269952,2010-10-07 16:48:00,1.0,M,"('KTFX', 'KMSX', 'KBLX', 'KGGW', 'KSFX')","['s3://unidata-nexrad-level2/2010/10/07/KTFX/KTFX20101007_164444_V03.gz', 's3://unidata-nexrad-level2/2010/10/07/KMSX/KMSX20101007_164547_V03.gz', 's3://unidata-nexrad-level2/2010/10/07/KBLX/KBLX20101007_164734_V03.gz', 's3://unidata-nexrad-level2/2010/10/07/KGGW/KGGW20101007_171018_V03.gz', 's3://unidata-nexrad-level2/2010/10/07/KSFX/KSFX20101007_164713_V03.gz']"
T,SR22,CBE UUA /OV CBE215003 /TM 2008 /FL020 /TP SR22 /SK SKC /WX FV10SM /TB SEV BLO 020 /RM LLWS +/-20KT,SEV BLO 020,,2000.0,39.57445578021645,-78.7980953177383,2010-10-10 20:08:00,5.0,L,"('KLWX', 'KPBZ', 'KCCX', 'KFCX', 'KAKQ')","['s3://unidata-nexrad-level2/2010/10/10/KLWX/KLWX20101010_200554_V03.gz', 's3://unidata-nexrad-level2/2010/10/10/KPBZ/KPBZ20101010_200514_V03.gz', 's3://unidata-nexrad-level2/2010/10/10/KCCX/KCCX20101010_200520_V03.gz', 's3://unidata-nexrad-level2/2010/10/10/KFCX/KFCX20101010_200515_V03.gz', 's3://unidata-nexrad-level2/2010/10/10/KAKQ/KAKQ20101010_200703_V03.gz']"
F,C172,YKM UA /OV YKM360009 /TM 2201 /FL085 /TP C172 /SK SKC /WX FV50SM /TA 00 /TB NEG,NEG,,8500.0,46.71818215001216,-120.54406,2010-10-11 22:01:00,0.0,L,"('KPDT', 'KRTX', 'KATX', 'KOTX', 'KLGX')","['s3://unidata-nexrad-level2/2010/10/11/KPDT/KPDT20101011_215313_V03.gz', 's3://unidata-nexrad-level2/2010/10/11/KRTX/KRTX20101011_215322_V03.gz', 's3://unidata-nexrad-level2/2010/10/11/KATX/KATX20101011_215824_V03.gz', 's3://unidata-nexrad-level2/2010/10/11/KOTX/KOTX20101011_215657_V03.gz']"
F,BL17,HRX UA /OV AMA270040 /TM 1432 /FL095 /TP BL17 /SK SKC /TB NEG /IC NEG /RM /TA UNKN,NEG,201010021400-KMSC-UBUS01-PIREP,9500.0,35.29,-102.45682096787392,2010-10-02 14:32:00,0.0,L,"('KAMA', 'KFDX', 'KLBB', 'KDDC', 'KMAF')","['s3://unidata-nexrad-level2/2010/10/02/KAMA/KAMA20101002_142526_V03.gz', 's3://unidata-nexrad-level2/2010/10/02/KFDX/KFDX20101002_142251_V04.gz', 's3://unidata-nexrad-level2/2010/10/02/KLBB/KLBB20101002_142857_V03.gz', 's3://unidata-nexrad-level2/2010/10/02/KDDC/KDDC20101002_142345_V03.gz', 's3://unidata-nexrad-level2/2010/10/02/KMAF/KMAF20101002_142305_V03.gz']"
T,BE58,PHX UUA /OV PXR120070/TM 2220/FL075/TP BE58/TB SEV/RM /ZAB,SEV,,7500.0,32.84661941661942,-110.75924775403328,2010-10-05 22:20:00,5.0,L,"('KIWA', 'KEMX', 'KFSX', 'KFSX', 'KYUX')","['s3://unidata-nexrad-level2/2010/10/05/KIWA/KIWA20101005_221653_V03.gz', 's3://unidata-nexrad-level2/2010/10/05/KEMX/KEMX20101005_221529_V03.gz', 's3://unidata-nexrad-level2/2010/10/05/KFSX/KFSX20101005_221633_V03.gz', 's3://unidata-nexrad-level2/2010/10/05/KFSX/KFSX20101005_221633_V03.gz', 's3://unidata-nexrad-level2/2010/10/05/KYUX/KYUX20101005_221902_V03.gz']"
F,A320,PGA UA /OV BCE150050/TM 0200/FL370/TP A320/TB NEG/RM AWC-WEB:KZLA,NEG,201010310225-KWBC-UBAZ90-PIREP,37000.0,36.96825370673975,-111.7734178108648,2010-10-31 02:00:00,0.0,M,"('KICX', 'KFSX', 'KFSX', 'KESX', 'KGJX')","['s3://unidata-nexrad-level2/2010/10/31/KICX/KICX20101031_015544_V03.gz', 's3://unidata-nexrad-level2/2010/10/31/KFSX/KFSX20101031_015853_V03.gz', 's3://unidata-nexrad-level2/2010/10/31/KFSX/KFSX20101031_015853_V03.gz', 's3://unidata-nexrad-level2/2010/10/31/KESX/KESX20101031_015105_V03.gz', 's3://unidata-nexrad-level2/2010/10/31/KGJX/KGJX20101031_015707_V03.gz']"
T,H25A,RND UUA /OV SAT045010 /TM 1519 /FL070 /TP H25A /TB SEV/MOD BLO,SEV,201010251530-KWBC-UBTX90-PIREP,7000.0,29.75786067614885,-98.32439545272608,2010-10-25 15:19:00,5.0,M,"('KEWX', 'KGRK', 'KDFX', 'KCRP', 'KSJT')","['s3://unidata-nexrad-level2/2010/10/25/KEWX/KEWX20101025_151726_V03.gz', 's3://unidata-nexrad-level2/2010/10/25/KGRK/KGRK20101025_151538_V03.gz', 's3://unidata-nexrad-level2/2010/10/25/KDFX/KDFX20101025_151834_V04.gz', 's3://unidata-nexrad-level2/2010/10/25/KCRP/KCRP20101025_151304_V03.gz', 's3://unidata-nexrad-level2/2010/10/25/KSJT/KSJT20101025_151649_V03.gz']"
F,C172,TKI UA /OV TKI135012 /TM 1426 /FL035 /TP C172 /TB NEG,NEG,,3500.0,33.03856718862138,-96.42101511538142,2010-10-10 14:26:00,0.0,L,"('KFWS', 'KSHV', 'KOUN', 'KTLX', 'KGRK')","['s3://unidata-nexrad-level2/2010/10/10/KFWS/KFWS20101010_142017_V03.gz', 's3://unidata-nexrad-level2/2010/10/10/KSHV/KSHV20101010_142202_V03.gz', 's3://unidata-nexrad-level2/2010/10/10/KOUN/KOUN20101010_142444_V06.gz', 's3://unidata-nexrad-level2/2010/10/10/KTLX/KTLX20101010_142442_V03.gz', 's3://unidata-nexrad-level2/2010/10/10/KGRK/KGRK20101010_142000_V03.gz']"
F,MD82,MLC UA /OV MLC/TM 2215/FL330/TP MD82/TB MOD/RM AWC-WEB:KZFW,MOD,201010222225-KWBC-UBOK90-PIREP,33000.0,34.85,-95.78,2010-10-22 22:15:00,3.0,M,"('KSRX', 'KOUN', 'KTLX', 'KINX', 'KLZK')","['s3://unidata-nexrad-level2/2010/10/22/KSRX/KSRX20101022_221029_V03.gz', 's3://unidata-nexrad-level2/2010/10/22/KTLX/KTLX20101022_221327_V03.gz', 's3://unidata-nexrad-level2/2010/10/22/KINX/KINX20101022_221425_V03.gz', 's3://unidata-nexrad-level2/2010/10/22/KLZK/KLZK20101022_221416_V03.gz']"
T,B737,FAF UUA /OV SWL220090/TM 1620/FL310/TP B737/SK SKC/TB SEV 310/RM MOD TO SVR CLR AIR 270-310 NO RADAR RETURN AWC-WEB:SWA,SEV 310,201010141645-KWBC-UBVA91-PIREP,31000.0,36.91084026082862,-76.68466553058677,2010-10-14 16:20:00,5.0,M,"('KAKQ', 'KMHX', 'KDOX', 'KRAX', 'KLWX')","['s3://unidata-nexrad-level2/2010/10/14/KAKQ/KAKQ20101014_161911_V03.gz', 's3://unidata-nexrad-level2/2010/10/14/KMHX/KMHX20101014_161949_V03.gz', 's3://unidata-nexrad-level2/2010/10/14/KDOX/KDOX20101014_161445_V04.gz', 's3://unidata-nexrad-level2/2010/10/14/KRAX/KRAX20101014_161815_V03.gz', 's3://unidata-nexrad-level2/2010/10/14/KLWX/KLWX20101014_161850_V03.gz']"
T,B752,BDL UUA /OV BDL /TM 1145 /FL025 /TP B752 /TB EXTRM 025/BLO /RM 8 MILE FINAL RY 24,EXTRM 025,201010011155-KWBC-UBCT91-PIREP,2500.0,41.94,-72.69,2010-10-01 11:45:00,7.0,M,"('KOKX', 'KBOX', 'KENX', 'KDIX', 'KCXX')","['s3://unidata-nexrad-level2/2010/10/01/KOKX/KOKX20101001_114442_V03.gz', 's3://unidata-nexrad-level2/2010/10/01/KBOX/KBOX20101001_114052_V03.gz', 's3://unidata-nexrad-level2/2010/10/01/KENX/KENX20101001_114035_V03.gz', 's3://unidata-nexrad-level2/2010/10/01/KDIX/KDIX20101001_114043_V03.gz', 's3://unidata-nexrad-level2/2010/10/01/KCXX/KCXX20101001_114126_V03.gz']"
F,M20P,CTY UA /OV CTY240016 /TM 2313 /FL095 /TP M20P /SK SKC /TB CONT LGT,CONT LGT,,9500.0,29.502185866655864,-83.37046776330936,2010-10-07 23:13:00,1.0,L,"('KTLH', 'KVAX', 'KJAX', 'KTBW', 'KEVX')","['s3://unidata-nexrad-level2/2010/10/07/KTLH/KTLH20101007_231124_V03.gz', 's3://unidata-nexrad-level2/2010/10/07/KJAX/KJAX20101007_230831_V03.gz', 's3://unidata-nexrad-level2/2010/10/07/KTBW/KTBW20101007_230703_V03.gz', 's3://unidata-nexrad-level2/2010/10/07/KEVX/KEVX20101007_230722_V04.gz']"
F,C182,IYK UA /OV GMN030071 /TM 1859 /FL075 /TP C182 /WX FV99SM /TB NEG /RM SMTH,NEG,201010111900-KMSC-UBUS01-PIREP,7500.0,35.824879736429544,-118.13940673250012,2010-10-11 18:59:00,0.0,L,"('KEYX', 'KHNX', 'KVTX', 'KSOX', 'KVBX')","['s3://unidata-nexrad-level2/2010/10/11/KHNX/KHNX20101011_185230_V03.gz', 's3://unidata-nexrad-level2/2010/10/11/KVTX/KVTX20101011_185415_V03.gz', 's3://unidata-nexrad-level2/2010/10/11/KSOX/KSOX20101011_185257_V03.gz']"
T,FLF4,ABE UUA /OV FJC /TM 2253/FL120/TP FLF4 /TB SEV /RM MUGZY - FROM 120DWN TO 060,SEV,,12000.0,40.73,-75.45,2010-10-11 22:53:00,5.0,U,"('KDIX', 'KBGM', 'KDOX', 'KCCX', 'KENX')","['s3://unidata-nexrad-level2/2010/10/11/KDIX/KDIX20101011_225249_V03.gz', 's3://unidata-nexrad-level2/2010/10/11/KBGM/KBGM20101011_225247_V03.gz', 's3://unidata-nexrad-level2/2010/10/11/KDOX/KDOX20101011_224741_V04.gz', 's3://unidata-nexrad-level2/2010/10/11/KCCX/KCCX20101011_225144_V03.gz', 's3://unidata-nexrad-level2/2010/10/11/KENX/KENX20101011_225115_V03.gz']"
T,BE36,AVL UUA /OV AVL225010 /TM 1435 /FL070 /TP BE36 /TB SEV,SEV,201010061400-KMSC-UBUS01-PIREP,7000.0,35.31213932385115,-82.69464549667474,2010-10-06 14:35:00,5.0,L,"('KGSP', 'KMRX', 'KCAE', 'KJKL', 'KFFC')","['s3://unidata-nexrad-level2/2010/10/06/KGSP/KGSP20101006_142559_V03.gz', 's3://unidata-nexrad-level2/2010/10/06/KMRX/KMRX20101006_142857_V03.gz', 's3://unidata-nexrad-level2/2010/10/06/KCAE/KCAE20101006_142826_V03.gz', 's3://unidata-nexrad-level2/2010/10/06/KJKL/KJKL20101006_143055_V03.gz', 's3://unidata-nexrad-level2/2010/10/06/KFFC/KFFC20101006_143452_V03.gz']"
T,PA46,OQU UUA /OV PVD215010 /TM 1127 /FL100 /TP PA46 /WX +RA /TB SEV /RM +RA/SEV TB IN CELL  RA/LGT TB OUT OF CELL,SEV,,10000.0,41.58536360072151,-71.56058934022803,2010-10-06 11:27:00,5.0,L,"('KBOX', 'KOKX', 'KENX', 'KGYX', 'KDIX')","['s3://unidata-nexrad-level2/2010/10/06/KBOX/KBOX20101006_112552_V03.gz', 's3://unidata-nexrad-level2/2010/10/06/KOKX/KOKX20101006_112211_V03.gz', 's3://unidata-nexrad-level2/2010/10/06/KENX/KENX20101006_112428_V03.gz', 's3://unidata-nexrad-level2/2010/10/06/KGYX/KGYX20101006_112645_V03.gz', 's3://unidata-nexrad-level2/2010/10/06/KDIX/KDIX20101006_112652_V03.gz']"
F,M20P,AVL UA /OV SUG-AVL /TM 1255 /FL065 /TP M20P /TB MOD 065-055,MOD 065-055,,6500.0,35.42097,-82.40375,2010-10-01 12:55:00,3.0,L,"('KGSP', 'KMRX', 'KCAE', 'KJKL', 'KFCX')","['s3://unidata-nexrad-level2/2010/10/01/KGSP/KGSP20101001_125336_V03.gz', 's3://unidata-nexrad-level2/2010/10/01/KMRX/KMRX20101001_125043_V03.gz', 's3://unidata-nexrad-level2/2010/10/01/KCAE/KCAE20101001_124843_V03.gz', 's3://unidata-nexrad-level2/2010/10/01/KJKL/KJKL20101001_125218_V03.gz', 's3://unidata-nexrad-level2/2010/10/01/KFCX/KFCX20101001_124521_V03.gz']"
T,A319,TTN UUA /OV SBJ180015 /TM 1304 /FL100 /TP A319 /TB SEV,SEV,,10000.0,40.32997974997975,-74.74,2010-10-01 13:04:00,5.0,M,"('KDIX', 'KOKX', 'KDOX', 'KBGM', 'KENX')","['s3://unidata-nexrad-level2/2010/10/01/KDIX/KDIX20101001_130119_V03.gz', 's3://unidata-nexrad-level2/2010/10/01/KOKX/KOKX20101001_130306_V03.gz', 's3://unidata-nexrad-level2/2010/10/01/KDOX/KDOX20101001_130304_V04.gz', 's3://unidata-nexrad-level2/2010/10/01/KBGM/KBGM20101001_130238_V03.gz', 's3://unidata-nexrad-level2/2010/10/01/KENX/KENX20101001_125923_V03.gz']"
F,C177,UUA /OV CEC4 090010 /TM 1537 /FL045 /TP C177 /TB SEV /RM TURB SEVDURING DESCENT  WINDS CALM ON GROUND,SEV,,4500.0,53.32,-117.4709651035013,2010-10-09 15:37:00,5.0,L,"('KOTX', 'KATX', 'KMSX', 'KPDT', 'KTFX')","['s3://unidata-nexrad-level2/2010/10/09/KOTX/KOTX20101009_153144_V03.gz', 's3://unidata-nexrad-level2/2010/10/09/KATX/KATX20101009_153434_V03.gz', 's3://unidata-nexrad-level2/2010/10/09/KMSX/KMSX20101009_153001_V03.gz', 's3://unidata-nexrad-level2/2010/10/09/KPDT/KPDT20101009_153618_V03.gz', 's3://unidata-nexrad-level2/2010/10/09/KTFX/KTFX20101009_153543_V03.gz']"
T,C525,ARB UUA /OV SVM270008 /TM 1744 /FL032 /TP C525 /TB SEV /RM /TB MOD SFC-060,SEV,201010271750-KWBC-UBMI91-PIREP,3200.0,42.41,-83.77060048122334,2010-10-27 17:44:00,5.0,L,"('KDTX', 'KGRR', 'KCLE', 'KIWX', 'KAPX')","['s3://unidata-nexrad-level2/2010/10/27/KDTX/KDTX20101027_173954_V03.gz', 's3://unidata-nexrad-level2/2010/10/27/KGRR/KGRR20101027_173510_V03.gz', 's3://unidata-nexrad-level2/2010/10/27/KCLE/KCLE20101027_173738_V03.gz', 's3://unidata-nexrad-level2/2010/10/27/KAPX/KAPX20101027_174242_V03.gz']"
F,B737,FST UA /OV FST090026/TM 1535/FL350/TP B737/TB LGT-MOD CHOP 370/RM FM ZHU AWC-WEB:KZHU,LGT-MOD CHOP 370,201010251600-KWBC-UBTX90-PIREP,35000.0,30.95,-102.47468268292718,2010-10-25 15:35:00,2.0,M,"('KMAF', 'KSJT', 'KDFX', 'KLBB', 'KDYX')","['s3://unidata-nexrad-level2/2010/10/25/KMAF/KMAF20101025_152731_V03.gz', 's3://unidata-nexrad-level2/2010/10/25/KSJT/KSJT20101025_152633_V03.gz', 's3://unidata-nexrad-level2/2010/10/25/KDFX/KDFX20101025_152840_V04.gz', 's3://unidata-nexrad-level2/2010/10/25/KLBB/KLBB20101025_152619_V03.gz', 's3://unidata-nexrad-level2/2010/10/25/KDYX/KDYX20101025_152638_V03.gz']"
F,A320,C29 UA /OV MSN270010 /TM 2240 /FL340 /TP A320 /TB LGT,LGT,,34000.0,43.14056,-89.5737096295263,2010-10-06 22:40:00,1.0,M,"('KMKX', 'KLOT', 'KARX', 'KDVN', 'KGRB')","['s3://unidata-nexrad-level2/2010/10/06/KMKX/KMKX20101006_223201_V03.gz', 's3://unidata-nexrad-level2/2010/10/06/KLOT/KLOT20101006_223845_V03.gz', 's3://unidata-nexrad-level2/2010/10/06/KARX/KARX20101006_223327_V03.gz', 's3://unidata-nexrad-level2/2010/10/06/KDVN/KDVN20101006_223331_V03.gz', 's3://unidata-nexrad-level2/2010/10/06/KGRB/KGRB20101006_223233_V03.gz']"
F,MD82,TUL UA /OV TUL270030/TM 1225/FL180/TP MD82/WX RA/TB NEG/RM CWSU ZKC,NEG,201010191245-KWBC-UBOK90-PIREP,18000.0,36.2,-96.4096593469536,2010-10-19 12:25:00,0.0,M,"('KTLX', 'KINX', 'KICT', 'KOUN', 'KVNX')","['s3://unidata-nexrad-level2/2010/10/19/KTLX/KTLX20101019_122024_V03.gz', 's3://unidata-nexrad-level2/2010/10/19/KINX/KINX20101019_122338_V03.gz', 's3://unidata-nexrad-level2/2010/10/19/KICT/KICT20101019_122036_V03.gz', 's3://unidata-nexrad-level2/2010/10/19/KOUN/KOUN20101019_122144_V06.gz', 's3://unidata-nexrad-level2/2010/10/19/KVNX/KVNX20101019_122237_V03.gz']"
F,B763,MIA UA /OV 2431N/06100W/TM 1826/FL360/TP B763/TB MOD,MOD,,36000.0,25.78805,-80.31693,2010-10-01 18:26:00,3.0,H,"('KAMX', 'KAMX', 'KBYX', 'KMLB', 'KTBW')","['s3://unidata-nexrad-level2/2010/10/01/KAMX/KAMX20101001_182152_V03.gz', 's3://unidata-nexrad-level2/2010/10/01/KAMX/KAMX20101001_182152_V03.gz', 's3://unidata-nexrad-level2/2010/10/01/KBYX/KBYX20101001_181943_V03.gz', 's3://unidata-nexrad-level2/2010/10/01/KMLB/KMLB20101001_181715_V03.gz', 's3://unidata-nexrad-level2/2010/10/01/KTBW/KTBW20101001_182400_V03.gz']"
F,C525,OTH UA /OV OTH /TM 0134 /FL450 /TP C525 /TA M51 /WV 02211KT /TB LGT CHOP,LGT CHOP,201010050140-KWBC-UBOR90-PIREP,45000.0,43.42,-124.17,2010-10-05 01:34:00,1.0,L,"('KMAX', 'KRTX', 'KBHX', 'KLGX', 'KBBX')","['s3://unidata-nexrad-level2/2010/10/05/KMAX/KMAX20101005_012923_V03.gz', 's3://unidata-nexrad-level2/2010/10/05/KRTX/KRTX20101005_012622_V03.gz', 's3://unidata-nexrad-level2/2010/10/05/KBHX/KBHX20101005_013124_V03.gz', 's3://unidata-nexrad-level2/2010/10/05/KBBX/KBBX20101005_013002_V04.gz']"
T,C560,IJD UUA /OV ORW270005 /TM 1545 /FL050 /TP C560 /TB SEV /RM -RA,SEV,,5000.0,41.56,-72.11137829846611,2010-10-01 15:45:00,5.0,M,"('KBOX', 'KOKX', 'KENX', 'KDIX', 'KGYX')","['s3://unidata-nexrad-level2/2010/10/01/KBOX/KBOX20101001_154300_V03.gz', 's3://unidata-nexrad-level2/2010/10/01/KOKX/KOKX20101001_154053_V03.gz', 's3://unidata-nexrad-level2/2010/10/01/KENX/KENX20101001_154204_V03.gz', 's3://unidata-nexrad-level2/2010/10/01/KDIX/KDIX20101001_154256_V03.gz', 's3://unidata-nexrad-level2/2010/10/01/KGYX/KGYX20101001_154226_V03.gz']"
T,C207,GCN UUA /OV GCN130015 /TM 2143 /FL090 /TP C207 /TB SEV /RM DURC 080-090,SEV,201010022150-KWBC-UBAZ90-PIREP,9000.0,35.799290081116254,-111.91338003549647,2010-10-02 21:43:00,5.0,L,"('KFSX', 'KFSX', 'KICX', 'KESX', 'KIWA')","['s3://unidata-nexrad-level2/2010/10/02/KFSX/KFSX20101002_214003_V03.gz', 's3://unidata-nexrad-level2/2010/10/02/KFSX/KFSX20101002_214003_V03.gz', 's3://unidata-nexrad-level2/2010/10/02/KICX/KICX20101002_214250_V03.gz', 's3://unidata-nexrad-level2/2010/10/02/KESX/KESX20101002_214145_V03.gz', 's3://unidata-nexrad-level2/2010/10/02/KIWA/KIWA20101002_214234_V03.gz']"
F,A332,OTH UA /OV OTH243100/TM 2135/FL360/TP A332/TB LGT-MOD CHOP/RM ..ZSE..ZSE,LGT-MOD CHOP,,36000.0,42.662749878322,-126.28841114749672,2010-10-01 21:35:00,2.0,H,"('KBHX', 'KMAX', 'KRTX', 'KLGX', 'KBBX')","['s3://unidata-nexrad-level2/2010/10/01/KBHX/KBHX20101001_212738_V03.gz', 's3://unidata-nexrad-level2/2010/10/01/KMAX/KMAX20101001_213143_V03.gz', 's3://unidata-nexrad-level2/2010/10/01/KRTX/KRTX20101001_213413_V03.gz', 's3://unidata-nexrad-level2/2010/10/01/KBBX/KBBX20101001_213154_V04.gz']"
F,M20T,TTN UA /OV 39N /TM 1127 /FL045 /TP M20T /WX FV99SM /TA 10 /TB NEG /RM SMOOTH,NEG,201010171135-KWBC-UBNJ90-PIREP,4500.0,40.28,-74.82,2010-10-17 11:27:00,0.0,L,"('KDIX', 'KDOX', 'KOKX', 'KBGM', 'KENX')","['s3://unidata-nexrad-level2/2010/10/17/KDIX/KDIX20101017_112648_V03.gz', 's3://unidata-nexrad-level2/2010/10/17/KDOX/KDOX20101017_112432_V04.gz', 's3://unidata-nexrad-level2/2010/10/17/KOKX/KOKX20101017_112506_V03.gz', 's3://unidata-nexrad-level2/2010/10/17/KBGM/KBGM20101017_112257_V03.gz', 's3://unidata-nexrad-level2/2010/10/17/KENX/KENX20101017_112118_V03.gz']"
T,SW4,SCH UUA /OV ALB292040 /TM 1104 /FL110 /TP SW4 /TB SEV 110-090,SEV 110-090,201010011110-KWBC-UBNY90-PIREP,11000.0,42.99975795772021,-74.64182716687313,2010-10-01 11:04:00,5.0,M,"('KENX', 'KTYX', 'KBGM', 'KCXX', 'KOKX')","['s3://unidata-nexrad-level2/2010/10/01/KENX/KENX20101001_110111_V03.gz', 's3://unidata-nexrad-level2/2010/10/01/KTYX/KTYX20101001_110041_V04.gz', 's3://unidata-nexrad-level2/2010/10/01/KBGM/KBGM20101001_110224_V03.gz', 's3://unidata-nexrad-level2/2010/10/01/KCXX/KCXX20101001_110256_V03.gz', 's3://unidata-nexrad-level2/2010/10/01/KOKX/KOKX20101001_110312_V03.gz']"
T,B737,SBY UUA /OV SBY-SBY020025/TM 0032/FL240/TP B737/TB SEV 240-280,SEV 240-280,,24000.0,38.3405,-75.5103,2010-10-04 00:32:00,5.0,M,"('KDOX', 'KLWX', 'KAKQ', 'KDIX', 'KCCX')","['s3://unidata-nexrad-level2/2010/10/04/KDOX/KDOX20101004_002640_V04.gz', 's3://unidata-nexrad-level2/2010/10/04/KLWX/KLWX20101004_002821_V03.gz', 's3://unidata-nexrad-level2/2010/10/04/KAKQ/KAKQ20101004_003001_V03.gz', 's3://unidata-nexrad-level2/2010/10/04/KDIX/KDIX20101004_002747_V03.gz', 's3://unidata-nexrad-level2/2010/10/04/KCCX/KCCX20101004_003152_V03.gz']"
T,PC12,PSM UUA /OV PSM180005 /TM 2023 /FL003 /TP PC12 /TB SEV 010-003,SEV 010-003,,300.0,42.99459991665992,-70.82328,2010-10-06 20:23:00,5.0,L,"('KGYX', 'KBOX', 'KCXX', 'KENX', 'KOKX')","['s3://unidata-nexrad-level2/2010/10/06/KGYX/KGYX20101006_201847_V03.gz', 's3://unidata-nexrad-level2/2010/10/06/KBOX/KBOX20101006_202035_V03.gz', 's3://unidata-nexrad-level2/2010/10/06/KCXX/KCXX20101006_201955_V03.gz', 's3://unidata-nexrad-level2/2010/10/06/KENX/KENX20101006_201934_V03.gz', 's3://unidata-nexrad-level2/2010/10/06/KOKX/KOKX20101006_202141_V03.gz']"
T,BE9L,RNO UUA /OV FMG140038/TM 0235/FL140/TP BE9L/TB SEV/RM SEV MT WAVE +/-500FT...ZOA CWSU,SEV,201010290245-KWBC-UBNV90-PIREP,14000.0,39.04479922123876,-119.1321427208924,2010-10-29 02:35:00,5.0,L,"('KRGX', 'KBBX', 'KDAX', 'KLRX', 'KHNX')","['s3://unidata-nexrad-level2/2010/10/29/KRGX/KRGX20101029_022740_V03.gz', 's3://unidata-nexrad-level2/2010/10/29/KBBX/KBBX20101029_023454_V04.gz', 's3://unidata-nexrad-level2/2010/10/29/KDAX/KDAX20101029_023403_V03.gz', 's3://unidata-nexrad-level2/2010/10/29/KLRX/KLRX20101029_022958_V03.gz', 's3://unidata-nexrad-level2/2010/10/29/KHNX/KHNX20101029_023020_V03.gz']"
F,C172,MCK UA /OV MCK /TM 1856 /FL085 /TP C172 /WX FV10SM /TA 10 /TB NEG,NEG,,8500.0,40.20628,-100.59208,2010-10-03 18:56:00,0.0,L,"('KGLD', 'KUEX', 'KLNX', 'KDDC', 'KFTG')","['s3://unidata-nexrad-level2/2010/10/03/KGLD/KGLD20101003_185049_V03.gz', 's3://unidata-nexrad-level2/2010/10/03/KUEX/KUEX20101003_185357_V03.gz', 's3://unidata-nexrad-level2/2010/10/03/KLNX/KLNX20101003_184750_V03.gz', 's3://unidata-nexrad-level2/2010/10/03/KDDC/KDDC20101003_185236_V03.gz', 's3://unidata-nexrad-level2/2010/10/03/KFTG/KFTG20101003_184750_V03.gz']"
F,A320,PNE UA /OV RBV210005/TM 1254/FL100/TP A320/TB SEV,SEV,201010011300-KWBC-UBPA90-PIREP,10000.0,40.12782537067398,-74.5545565047576,2010-10-01 12:54:00,5.0,M,"('KDIX', 'KDOX', 'KOKX', 'KBGM', 'KENX')","['s3://unidata-nexrad-level2/2010/10/01/KDIX/KDIX20101001_124949_V03.gz', 's3://unidata-nexrad-level2/2010/10/01/KDOX/KDOX20101001_125353_V04.gz', 's3://unidata-nexrad-level2/2010/10/01/KOKX/KOKX20101001_125351_V03.gz', 's3://unidata-nexrad-level2/2010/10/01/KBGM/KBGM20101001_125324_V03.gz', 's3://unidata-nexrad-level2/2010/10/01/KENX/KENX20101001_124932_V03.gz']"
F,B737,RBL UA /OV RBL070015/TM 2220/FL370/TP B737/TB MOD/RM ZOA CWSU,MOD,201010192240-KWBC-UBCA90-PIREP,37000.0,40.18551196174624,-121.93285447667044,2010-10-19 22:20:00,3.0,M,"('KBBX', 'KDAX', 'KRGX', 'KMAX', 'KBHX')","['s3://unidata-nexrad-level2/2010/10/19/KBBX/KBBX20101019_221701_V04.gz', 's3://unidata-nexrad-level2/2010/10/19/KDAX/KDAX20101019_223846_V03.gz', 's3://unidata-nexrad-level2/2010/10/19/KRGX/KRGX20101019_221102_V03.gz', 's3://unidata-nexrad-level2/2010/10/19/KMAX/KMAX20101019_221536_V03.gz', 's3://unidata-nexrad-level2/2010/10/19/KBHX/KBHX20101019_221302_V03.gz']"
F,P28A,EKN UA /OV EKN360010 /TM 2025 /FL080 /TP P28A /TB NEG /RM SMOOTH,NEG,,8000.0,39.05196016668017,-79.85278,2010-10-07 20:25:00,0.0,L,"('KPBZ', 'KRLX', 'KLWX', 'KFCX', 'KCCX')","['s3://unidata-nexrad-level2/2010/10/07/KRLX/KRLX20101007_202028_V03.gz', 's3://unidata-nexrad-level2/2010/10/07/KLWX/KLWX20101007_202403_V03.gz', 's3://unidata-nexrad-level2/2010/10/07/KFCX/KFCX20101007_201630_V03.gz', 's3://unidata-nexrad-level2/2010/10/07/KCCX/KCCX20101007_202255_V03.gz']"
T,SW4,SCH UUA /OV ALB280018 /TM 1100 /FL110 /TP SW4 /TB SEV,SEV,201010011115-KWBC-UBNY90-PIREP,11000.0,42.80209867295502,-74.20236579017991,2010-10-01 11:00:00,5.0,M,"('KENX', 'KTYX', 'KBGM', 'KCXX', 'KOKX')","['s3://unidata-nexrad-level2/2010/10/01/KENX/KENX20101001_105615_V03.gz', 's3://unidata-nexrad-level2/2010/10/01/KTYX/KTYX20101001_105618_V04.gz', 's3://unidata-nexrad-level2/2010/10/01/KBGM/KBGM20101001_105747_V03.gz', 's3://unidata-nexrad-level2/2010/10/01/KCXX/KCXX20101001_105807_V03.gz', 's3://unidata-nexrad-level2/2010/10/01/KOKX/KOKX20101001_105835_V03.gz']"
F,BE36,JYO UA /OV AML330020 /TM 1648 /FL035 /TP BE36 /WV 33040KT /TB MOD,MOD,,3500.0,39.2186985173041,-77.68426547793857,2010-10-07 16:48:00,3.0,L,"('KLWX', 'KCCX', 'KDOX', 'KAKQ', 'KPBZ')","['s3://unidata-nexrad-level2/2010/10/07/KLWX/KLWX20101007_164025_V03.gz', 's3://unidata-nexrad-level2/2010/10/07/KCCX/KCCX20101007_163947_V03.gz', 's3://unidata-nexrad-level2/2010/10/07/KAKQ/KAKQ20101007_164434_V03.gz']"
T,B737,ORF UUA /OV ORF/TM 1628/FL290/TP B737/TB SEV CHOP,SEV CHOP,201010141600-KMSC-UBUS01-PIREP,29000.0,36.89,-76.2,2010-10-14 16:28:00,5.0,M,"('KAKQ', 'KDOX', 'KMHX', 'KRAX', 'KLWX')","['s3://unidata-nexrad-level2/2010/10/14/KAKQ/KAKQ20101014_162740_V03.gz', 's3://unidata-nexrad-level2/2010/10/14/KDOX/KDOX20101014_162616_V04.gz', 's3://unidata-nexrad-level2/2010/10/14/KMHX/KMHX20101014_162435_V03.gz', 's3://unidata-nexrad-level2/2010/10/14/KRAX/KRAX20101014_162737_V03.gz', 's3://unidata-nexrad-level2/2010/10/14/KLWX/KLWX20101014_162328_V03.gz']"
T,GLF4,ABE UUA /OV FJC /TM 2253/FL120/TP GLF4/TB SEV /RM MUGZY,SEV,,12000.0,40.73,-75.45,2010-10-11 22:53:00,5.0,M,"('KDIX', 'KBGM', 'KDOX', 'KCCX', 'KENX')","['s3://unidata-nexrad-level2/2010/10/11/KDIX/KDIX20101011_225249_V03.gz', 's3://unidata-nexrad-level2/2010/10/11/KBGM/KBGM20101011_225247_V03.gz', 's3://unidata-nexrad-level2/2010/10/11/KDOX/KDOX20101011_224741_V04.gz', 's3://unidata-nexrad-level2/2010/10/11/KCCX/KCCX20101011_225144_V03.gz', 's3://unidata-nexrad-level2/2010/10/11/KENX/KENX20101011_225115_V03.gz']"
F,C172,OXR UA /OV FIM270020 /TM 0228 /FL090 /TP C172 /SK SKC /WX FV99SM /WV 09012KT /TB NEG,NEG,,9000.0,34.36,-119.2838246110496,2010-10-10 02:28:00,0.0,L,"('KVTX', 'KVBX', 'KSOX', 'KEYX', 'KHNX')","['s3://unidata-nexrad-level2/2010/10/10/KVTX/KVTX20101010_022331_V03.gz', 's3://unidata-nexrad-level2/2010/10/10/KSOX/KSOX20101010_021959_V03.gz', 's3://unidata-nexrad-level2/2010/10/10/KHNX/KHNX20101010_022728_V03.gz']"
F,B777,UA /OV 6350N06710W /TM 1702 /FL360 /TP B777 /TB SEV /RM FOR 30SECONDS,SEV,,36000.0,63.8333,-67.1666,2010-10-10 17:02:00,5.0,H,"('KCBW', 'KGYX', 'KCXX', 'KTYX', 'KBOX')","['s3://unidata-nexrad-level2/2010/10/10/KCBW/KCBW20101010_165557_V03.gz', 's3://unidata-nexrad-level2/2010/10/10/KGYX/KGYX20101010_165810_V03.gz', 's3://unidata-nexrad-level2/2010/10/10/KCXX/KCXX20101010_165231_V03.gz', 's3://unidata-nexrad-level2/2010/10/10/KTYX/KTYX20101010_170049_V04.gz', 's3://unidata-nexrad-level2/2010/10/10/KBOX/KBOX20101010_170145_V03.gz']"
F,AA5,GLE UA /OV ADM220035 /TM 2138 /FL055 /TP AA5 /SK SKC /WV 00000KT /TB NEG,NEG,,5500.0,33.85630454587779,-97.4734460993481,2010-10-03 21:38:00,0.0,L,"('KFWS', 'KFDR', 'KOUN', 'KTLX', 'KDYX')","['s3://unidata-nexrad-level2/2010/10/03/KFWS/KFWS20101003_212853_V03.gz', 's3://unidata-nexrad-level2/2010/10/03/KFDR/KFDR20101003_213630_V04.gz', 's3://unidata-nexrad-level2/2010/10/03/KOUN/KOUN20101003_213233_V06.gz', 's3://unidata-nexrad-level2/2010/10/03/KTLX/KTLX20101003_213005_V03.gz', 's3://unidata-nexrad-level2/2010/10/03/KDYX/KDYX20101003_213713_V03.gz']"
T,B737,BJC UUA /OV DEN240015 /TM 0734 /FL100 /TP B737 /TB SEV,SEV,201010250740-KWBC-UBCO91-PIREP,10000.0,39.684989874989874,-104.9418690953311,2010-10-25 07:34:00,5.0,M,"('KFTG', 'KPUX', 'KCYS', 'KGLD', 'KGJX')","['s3://unidata-nexrad-level2/2010/10/25/KFTG/KFTG20101025_072449_V03.gz', 's3://unidata-nexrad-level2/2010/10/25/KPUX/KPUX20101025_073040_V03.gz', 's3://unidata-nexrad-level2/2010/10/25/KCYS/KCYS20101025_072833_V03.gz', 's3://unidata-nexrad-level2/2010/10/25/KGLD/KGLD20101025_073211_V03.gz', 's3://unidata-nexrad-level2/2010/10/25/KGJX/KGJX20101025_072859_V03.gz']"
F,RV8,COS UA /OV COS /TM 1807 /FL115 /TP RV8 /TB MOD,MOD,,11500.0,38.80581,-104.70078,2010-10-10 18:07:00,3.0,L,"('KPUX', 'KFTG', 'KCYS', 'KGLD', 'KGJX')","['s3://unidata-nexrad-level2/2010/10/10/KPUX/KPUX20101010_180402_V03.gz', 's3://unidata-nexrad-level2/2010/10/10/KFTG/KFTG20101010_180257_V03.gz', 's3://unidata-nexrad-level2/2010/10/10/KCYS/KCYS20101010_180644_V03.gz', 's3://unidata-nexrad-level2/2010/10/10/KGLD/KGLD20101010_180505_V03.gz', 's3://unidata-nexrad-level2/2010/10/10/KGJX/KGJX20101010_180113_V03.gz']"
F,B737,TRK UA /OV SWR160040/TM 2159/FL200/TP B737/TB CONT LGT CHOP 200-290/RM ZOA CWSU,CONT LGT CHOP 200-290,201010042210-KWBC-UBCA90-PIREP,20000.0,38.553487509357126,-119.97582794637604,2010-10-04 21:59:00,1.0,M,"('KRGX', 'KDAX', 'KBBX', 'KMUX', 'KHNX')","['s3://unidata-nexrad-level2/2010/10/04/KRGX/KRGX20101004_215846_V03.gz', 's3://unidata-nexrad-level2/2010/10/04/KDAX/KDAX20101004_215855_V03.gz', 's3://unidata-nexrad-level2/2010/10/04/KBBX/KBBX20101004_215713_V04.gz', 's3://unidata-nexrad-level2/2010/10/04/KMUX/KMUX20101004_215145_V03.gz', 's3://unidata-nexrad-level2/2010/10/04/KHNX/KHNX20101004_215632_V03.gz']"
F,BE36,ALN UA /OV TOY /TM 1622 /FL090 /TP BE36 /SK OVC-TOP065/ SKC /WV 02007KT /TB NEG,NEG,,9000.0,38.74,-89.92,2010-10-02 16:22:00,0.0,L,"('KLSX', 'KILX', 'KVWX', 'KPAH', 'KDVN')","['s3://unidata-nexrad-level2/2010/10/02/KLSX/KLSX20101002_161906_V03.gz', 's3://unidata-nexrad-level2/2010/10/02/KILX/KILX20101002_161822_V03.gz', 's3://unidata-nexrad-level2/2010/10/02/KVWX/KVWX20101002_161247_V03.gz', 's3://unidata-nexrad-level2/2010/10/02/KPAH/KPAH20101002_161750_V03.gz', 's3://unidata-nexrad-level2/2010/10/02/KDVN/KDVN20101002_162034_V03.gz']"
F,SF34,GLR UA /OV GLR/TM 1859/FL160/TP SF34/TB LGT CHOP/RM 160-145,LGT CHOP,,16000.0,45.01354,-84.70362,2010-10-01 18:59:00,1.0,M,"('KAPX', 'KGRR', 'KGRB', 'KDTX', 'KMQT')","['s3://unidata-nexrad-level2/2010/10/01/KAPX/KAPX20101001_185346_V03.gz', 's3://unidata-nexrad-level2/2010/10/01/KGRR/KGRR20101001_185450_V03.gz', 's3://unidata-nexrad-level2/2010/10/01/KGRB/KGRB20101001_185425_V03.gz', 's3://unidata-nexrad-level2/2010/10/01/KDTX/KDTX20101001_185247_V03.gz', 's3://unidata-nexrad-level2/2010/10/01/KMQT/KMQT20101001_185458_V03.gz']"
F,B190,HYS UA /OV HYS256046/TM 0345/FL190/TP B190/SK BASES 143 MSL/TA -10/TBSEV /IC MOD RIME,SEV,,19000.0,38.65673152334218,-100.22833311168316,2010-10-09 03:45:00,5.0,M,"('KDDC', 'KGLD', 'KUEX', 'KICT', 'KVNX')","['s3://unidata-nexrad-level2/2010/10/09/KDDC/KDDC20101009_034123_V03.gz', 's3://unidata-nexrad-level2/2010/10/09/KGLD/KGLD20101009_034201_V03.gz', 's3://unidata-nexrad-level2/2010/10/09/KUEX/KUEX20101009_034024_V03.gz', 's3://unidata-nexrad-level2/2010/10/09/KICT/KICT20101009_034457_V03.gz', 's3://unidata-nexrad-level2/2010/10/09/KVNX/KVNX20101009_033742_V03.gz']"
T,C172,DBQ UUA /OV DBQ /TM 0215 /FL022 /TP C172 /TB SEV /RM SMOOTH FL030 DURC,SEV,201010210250-KWBC-UBIA90-PIREP,2200.0,42.4,-90.71,2010-10-21 02:15:00,5.0,L,"('KDVN', 'KARX', 'KMKX', 'KLOT', 'KILX')","['s3://unidata-nexrad-level2/2010/10/21/KDVN/KDVN20101021_020524_V03.gz', 's3://unidata-nexrad-level2/2010/10/21/KARX/KARX20101021_020820_V03.gz', 's3://unidata-nexrad-level2/2010/10/21/KMKX/KMKX20101021_021201_V03.gz', 's3://unidata-nexrad-level2/2010/10/21/KLOT/KLOT20101021_021152_V03.gz', 's3://unidata-nexrad-level2/2010/10/21/KILX/KILX20101021_021119_V03.gz']"
T,AT72,STX UUA /OV COY360010 /TM 1150 /FL110 /TP AT72 /TB MOD-SEV,MOD-SEV,,11000.0,17.896680166680166,-64.7,2010-10-05 11:50:00,4.0,M,"('KAMX', 'KAMX', 'KBYX', 'KMLB', 'KTBW')","['s3://unidata-nexrad-level2/2010/10/05/KAMX/KAMX20101005_114712_V03.gz', 's3://unidata-nexrad-level2/2010/10/05/KAMX/KAMX20101005_114712_V03.gz', 's3://unidata-nexrad-level2/2010/10/05/KBYX/KBYX20101005_114856_V03.gz', 's3://unidata-nexrad-level2/2010/10/05/KMLB/KMLB20101005_114556_V03.gz', 's3://unidata-nexrad-level2/2010/10/05/KTBW/KTBW20101005_114628_V03.gz']"
T,TBM7,DEN UUA /OV FQF 150010/TM 1808/FL260/TP TBM7/TB SEV/RM CWSU ZDV,SEV,201010111820-KWBC-UBCO90-PIREP,26000.0,39.54565074134795,-104.51169735044448,2010-10-11 18:08:00,5.0,L,"('KFTG', 'KPUX', 'KCYS', 'KGLD', 'KGJX')","['s3://unidata-nexrad-level2/2010/10/11/KFTG/KFTG20101011_180722_V03.gz', 's3://unidata-nexrad-level2/2010/10/11/KPUX/KPUX20101011_180205_V03.gz', 's3://unidata-nexrad-level2/2010/10/11/KCYS/KCYS20101011_175927_V03.gz', 's3://unidata-nexrad-level2/2010/10/11/KGLD/KGLD20101011_180320_V03.gz', 's3://unidata-nexrad-level2/2010/10/11/KGJX/KGJX20101011_175955_V03.gz']"
F,DH8,ERI UA /OV ERI360030/TM 1400/FL140/TP DH8/TB MOD CHOP/IC LGT RIME,MOD CHOP,,14000.0,42.5800405000405,-80.18,2010-10-05 14:00:00,3.0,M,"('KBUF', 'KCLE', 'KPBZ', 'KCCX', 'KDTX')","['s3://unidata-nexrad-level2/2010/10/05/KBUF/KBUF20101005_135603_V03.gz', 's3://unidata-nexrad-level2/2010/10/05/KCLE/KCLE20101005_135938_V03.gz', 's3://unidata-nexrad-level2/2010/10/05/KPBZ/KPBZ20101005_135656_V03.gz', 's3://unidata-nexrad-level2/2010/10/05/KCCX/KCCX20101005_135710_V03.gz', 's3://unidata-nexrad-level2/2010/10/05/KDTX/KDTX20101005_135707_V03.gz']"
F,B734,KTN UA /OV PKTN/TM 0235/FL000/TP B734/TB CONT LT OCNL MOD CHOP/RM RNV11 TO KTN CONT LT OCNL MDT CHOP FRM TONGS TO SHORT FINAL +/-,CONT LT OCNL MOD CHOP,201010090251-KKCI-UBUS31-PIREP,0.0,55.36,-131.71,2010-10-09 02:35:00,3.0,M,"('PACG', 'KLGX', 'KATX', 'KRTX', 'PAIH')","['s3://unidata-nexrad-level2/2010/10/09/KATX/KATX20101009_023125_V03.gz', 's3://unidata-nexrad-level2/2010/10/09/KRTX/KRTX20101009_022816_V03.gz']"
T,B744,MTP UUA /OV SEY270010 /TM 0415 /FL270 /TP B744 /TB SEV 270-290 /RM ZBW,SEV 270-290,,27000.0,41.17,-71.80142546664744,2010-10-04 04:15:00,5.0,H,"('KOKX', 'KBOX', 'KENX', 'KDIX', 'KGYX')","['s3://unidata-nexrad-level2/2010/10/04/KOKX/KOKX20101004_040929_V03.gz', 's3://unidata-nexrad-level2/2010/10/04/KBOX/KBOX20101004_041346_V03.gz', 's3://unidata-nexrad-level2/2010/10/04/KENX/KENX20101004_041116_V03.gz', 's3://unidata-nexrad-level2/2010/10/04/KDIX/KDIX20101004_041332_V03.gz', 's3://unidata-nexrad-level2/2010/10/04/KGYX/KGYX20101004_041412_V03.gz']"
T,C550,TOA UUA /OV LAX225015 /TM 0002 /FL140 /TP C550 /TB SEV,SEV,201010190010-KWBC-UBCA90-PIREP,14000.0,33.75320898577672,-118.64307306693976,2010-10-19 00:02:00,5.0,L,"('KSOX', 'KVTX', 'KNKX', 'KEYX', 'KVBX')","['s3://unidata-nexrad-level2/2010/10/18/KSOX/KSOX20101018_235932_V03.gz', 's3://unidata-nexrad-level2/2010/10/19/KVTX/KVTX20101019_000154_V03.gz', 's3://unidata-nexrad-level2/2010/10/18/KNKX/KNKX20101018_235848_V03.gz']"
F,C210,WMC UA /OV SDO180025 /TM 1708 /FL210 /TP C210 /SK BKN-TOP200/ SKC /TB NEG /RM SMOOTH,NEG,,21000.0,40.99329958329958,-118.03,2010-10-03 17:08:00,0.0,L,"('KLRX', 'KRGX', 'KCBX', 'KBBX', 'KDAX')","['s3://unidata-nexrad-level2/2010/10/03/KLRX/KLRX20101003_170542_V03.gz', 's3://unidata-nexrad-level2/2010/10/03/KRGX/KRGX20101003_170659_V03.gz', 's3://unidata-nexrad-level2/2010/10/03/KCBX/KCBX20101003_170659_V03.gz', 's3://unidata-nexrad-level2/2010/10/03/KBBX/KBBX20101003_170358_V04.gz', 's3://unidata-nexrad-level2/2010/10/03/KDAX/KDAX20101003_170412_V03.gz']"
F,SR22,VIH UA /OV VIH150010 /TM 2046 /FL065 /TP SR22 /SK SKC /WX FV99SM /TA 07 /WV 27008KT /TB NEG,NEG,201010292055-KWBC-UBMO90-PIREP,6500.0,38.00565074134795,-91.60402278737008,2010-10-29 20:46:00,0.0,L,"('KLSX', 'KSGF', 'KEAX', 'KPAH', 'KILX')","['s3://unidata-nexrad-level2/2010/10/29/KLSX/KLSX20101029_204244_V03.gz', 's3://unidata-nexrad-level2/2010/10/29/KSGF/KSGF20101029_203920_V03.gz', 's3://unidata-nexrad-level2/2010/10/29/KEAX/KEAX20101029_204524_V03.gz', 's3://unidata-nexrad-level2/2010/10/29/KPAH/KPAH20101029_204046_V03.gz', 's3://unidata-nexrad-level2/2010/10/29/KILX/KILX20101029_203904_V03.gz']"
T,SR22,HFD UUA /OV HFD /TM 1813 /FL060 /TP SR22 /TB SEV,SEV,201010211825-KWBC-UBCT91-PIREP,6000.0,41.64,-72.55,2010-10-21 18:13:00,5.0,L,"('KOKX', 'KBOX', 'KENX', 'KDIX', 'KCXX')","['s3://unidata-nexrad-level2/2010/10/21/KOKX/KOKX20101021_181236_V03.gz', 's3://unidata-nexrad-level2/2010/10/21/KBOX/KBOX20101021_180839_V03.gz', 's3://unidata-nexrad-level2/2010/10/21/KENX/KENX20101021_180725_V03.gz', 's3://unidata-nexrad-level2/2010/10/21/KDIX/KDIX20101021_181149_V03.gz', 's3://unidata-nexrad-level2/2010/10/21/KCXX/KCXX20101021_180739_V03.gz']"
T,C550,X40 UUA /OV GNV180050 /TM 1927 /FL090 /TP C550 /TB SEV /RM DURC,SEV,201010251900-KMSC-UBUS01-PIREP,9000.0,28.736599166599166,-82.36,2010-10-25 19:27:00,5.0,L,"('KTBW', 'KMLB', 'KJAX', 'KVAX', 'KTLH')","['s3://unidata-nexrad-level2/2010/10/25/KTBW/KTBW20101025_192341_V03.gz', 's3://unidata-nexrad-level2/2010/10/25/KMLB/KMLB20101025_192205_V03.gz', 's3://unidata-nexrad-level2/2010/10/25/KJAX/KJAX20101025_192454_V03.gz', 's3://unidata-nexrad-level2/2010/10/25/KTLH/KTLH20101025_192620_V03.gz']"
F,B738,OTH UA /OV ZANNG/TM 0046/FL340/TP B738/SK SKC/TA M50/WV 21852KT/TB NEG/RM KSEA-PHLI AWC-WEB:ASA,NEG,201010200055-KWBC-UBOR90-PIREP,34000.0,43.42,-124.17,2010-10-20 00:46:00,0.0,M,"('KMAX', 'KRTX', 'KBHX', 'KLGX', 'KBBX')","['s3://unidata-nexrad-level2/2010/10/20/KMAX/KMAX20101020_004045_V03.gz', 's3://unidata-nexrad-level2/2010/10/20/KRTX/KRTX20101020_004126_V03.gz', 's3://unidata-nexrad-level2/2010/10/20/KBHX/KBHX20101020_003806_V03.gz', 's3://unidata-nexrad-level2/2010/10/20/KBBX/KBBX20101020_003906_V04.gz']"
T,PA31,POU UUA /OV PWL045005 /TM 1749 /FL050 /TP PA31 /TB SEV /RM SEV FOR 1 MIN/ OTHRWS CONT LGT,SEV,201010061800-KWBC-UBNY91-PIREP,5000.0,41.82893033807443,-73.52098636205031,2010-10-06 17:49:00,5.0,L,"('KENX', 'KOKX', 'KBOX', 'KBGM', 'KDIX')","['s3://unidata-nexrad-level2/2010/10/06/KENX/KENX20101006_174739_V03.gz', 's3://unidata-nexrad-level2/2010/10/06/KOKX/KOKX20101006_174531_V03.gz', 's3://unidata-nexrad-level2/2010/10/06/KBOX/KBOX20101006_174537_V03.gz', 's3://unidata-nexrad-level2/2010/10/06/KBGM/KBGM20101006_174329_V03.gz', 's3://unidata-nexrad-level2/2010/10/06/KDIX/KDIX20101006_174420_V03.gz']"
F,CRJ7,RDM UA /OV DSD200030/TM 2306/FL390/TP CRJ7/TB LGT OCNL MOD TURB/RM..ZSE ..ZSE,LGT OCNL MOD TURB,,39000.0,43.780115632017846,-121.53875954136718,2010-10-11 23:06:00,2.0,M,"('KMAX', 'KPDT', 'KRTX', 'KLGX', 'KBHX')","['s3://unidata-nexrad-level2/2010/10/11/KMAX/KMAX20101011_225813_V03.gz', 's3://unidata-nexrad-level2/2010/10/11/KPDT/KPDT20101011_230053_V03.gz', 's3://unidata-nexrad-level2/2010/10/11/KRTX/KRTX20101011_225701_V03.gz', 's3://unidata-nexrad-level2/2010/10/11/KBHX/KBHX20101011_230118_V03.gz']"
T,B737,LDJ UUA /OV JFK235017 /TM 0957 /FL030 /TP B737 /TB SEV,SEV,,3000.0,40.47608351277483,-74.06810021624818,2010-10-01 09:57:00,5.0,M,"('KDIX', 'KOKX', 'KDOX', 'KENX', 'KBGM')","['s3://unidata-nexrad-level2/2010/10/01/KDIX/KDIX20101001_095238_V03.gz', 's3://unidata-nexrad-level2/2010/10/01/KOKX/KOKX20101001_095359_V03.gz', 's3://unidata-nexrad-level2/2010/10/01/KDOX/KDOX20101001_095503_V04.gz', 's3://unidata-nexrad-level2/2010/10/01/KENX/KENX20101001_095214_V03.gz', 's3://unidata-nexrad-level2/2010/10/01/KBGM/KBGM20101001_095306_V03.gz']"
T,B737,ORF UUA /OV ORF190020/TM 1615/FL290/TP B737/TB MDT-SEV/RM MDT TO SEVERE TURB,MDT-SEV,201010141625-KWBC-UBVA90-PIREP,29000.0,36.56170415916001,-76.27237831802022,2010-10-14 16:15:00,5.0,M,"('KAKQ', 'KRAX', 'KDOX', 'KMHX', 'KLWX')","['s3://unidata-nexrad-level2/2010/10/14/KAKQ/KAKQ20101014_161453_V03.gz', 's3://unidata-nexrad-level2/2010/10/14/KRAX/KRAX20101014_161333_V03.gz', 's3://unidata-nexrad-level2/2010/10/14/KDOX/KDOX20101014_161445_V04.gz', 's3://unidata-nexrad-level2/2010/10/14/KMHX/KMHX20101014_161015_V03.gz', 's3://unidata-nexrad-level2/2010/10/14/KLWX/KLWX20101014_161413_V03.gz']"
F,A319,DEN UA /OV FQF 305060/TM 2203/FL230/TP A319/TB MOD CHOP/RM INCLOUDS.. CWSU ZDV,MOD CHOP,,23000.0,40.26362289608885,-105.68459604142376,2010-10-05 22:03:00,3.0,M,"('KFTG', 'KCYS', 'KPUX', 'KGJX', 'KGLD')","['s3://unidata-nexrad-level2/2010/10/05/KFTG/KFTG20101005_215748_V03.gz', 's3://unidata-nexrad-level2/2010/10/05/KCYS/KCYS20101005_215817_V03.gz', 's3://unidata-nexrad-level2/2010/10/05/KPUX/KPUX20101005_220249_V03.gz', 's3://unidata-nexrad-level2/2010/10/05/KGJX/KGJX20101005_220046_V03.gz', 's3://unidata-nexrad-level2/2010/10/05/KGLD/KGLD20101005_220150_V03.gz']"
F,T34T,VCT UA /OV VCT360010 /TM 0334 /FL045 /TP T34T /SK SCT025-TOP028 /WX FV99SM /TB NEG /RM POCKETS OF SCT CLDS EAST,NEG,201010220345-KWBC-UBTX90-PIREP,4500.0,29.066680166680165,-96.98,2010-10-22 03:34:00,0.0,L,"('KEWX', 'KCRP', 'KGRK', 'KHGX', 'KBRO')","['s3://unidata-nexrad-level2/2010/10/22/KEWX/KEWX20101022_032543_V03.gz', 's3://unidata-nexrad-level2/2010/10/22/KCRP/KCRP20101022_032440_V03.gz', 's3://unidata-nexrad-level2/2010/10/22/KGRK/KGRK20101022_032927_V03.gz', 's3://unidata-nexrad-level2/2010/10/22/KHGX/KHGX20101022_033200_V03.gz', 's3://unidata-nexrad-level2/2010/10/22/KBRO/KBRO20101022_033116_V03.gz']"
F,DA40,U24 UA /OV 44U /TM 1700 /FL075 /TP DA40 /SK SCT060 /WX FV10SM /TB NEG /IC NEG /RM /TA UNKN,NEG,201010191735-KWBC-UBUT90-PIREP,7500.0,39.33748,-112.58606,2010-10-19 17:00:00,0.0,L,"('KICX', 'KMTX', 'KGJX', 'KSFX', 'KESX')","['s3://unidata-nexrad-level2/2010/10/19/KICX/KICX20101019_165657_V03.gz', 's3://unidata-nexrad-level2/2010/10/19/KMTX/KMTX20101019_165556_V03.gz', 's3://unidata-nexrad-level2/2010/10/19/KGJX/KGJX20101019_165714_V03.gz', 's3://unidata-nexrad-level2/2010/10/19/KSFX/KSFX20101019_165203_V03.gz', 's3://unidata-nexrad-level2/2010/10/19/KESX/KESX20101019_165904_V03.gz']"
F,C150,CID UA /OV IA24 /TM 1700 /FL025 /TP C150 /TB LGT BLO 025 /RM DURC,LGT BLO 025,201010301800-KMSC-UBUS01-PIREP,2500.0,41.89,-91.79,2010-10-30 17:00:00,1.0,L,"('KDVN', 'KDMX', 'KARX', 'KILX', 'KLSX')","['s3://unidata-nexrad-level2/2010/10/30/KDVN/KDVN20101030_165045_V03.gz', 's3://unidata-nexrad-level2/2010/10/30/KDMX/KDMX20101030_165143_V03.gz', 's3://unidata-nexrad-level2/2010/10/30/KARX/KARX20101030_165928_V03.gz', 's3://unidata-nexrad-level2/2010/10/30/KILX/KILX20101030_165848_V03.gz', 's3://unidata-nexrad-level2/2010/10/30/KLSX/KLSX20101030_165549_V03.gz']"
F,C172,DXR UA /OV BDR270015 /TM 1443 /FL048 /TP C172 /SK SCT035 /WX FV99SM /TA 08 /WV 32041KT /TB NEG /RM MOD TB AT 030,NEG,,4800.0,41.15833,-73.4609690569376,2010-10-07 14:43:00,0.0,L,"('KOKX', 'KDIX', 'KENX', 'KBOX', 'KBGM')","['s3://unidata-nexrad-level2/2010/10/07/KOKX/KOKX20101007_144252_V03.gz', 's3://unidata-nexrad-level2/2010/10/07/KDIX/KDIX20101007_143847_V03.gz', 's3://unidata-nexrad-level2/2010/10/07/KENX/KENX20101007_143932_V03.gz', 's3://unidata-nexrad-level2/2010/10/07/KBOX/KBOX20101007_143950_V03.gz', 's3://unidata-nexrad-level2/2010/10/07/KBGM/KBGM20101007_143408_V03.gz']"
F,B738,87Q UA /OV FLITY/TM 0234/FL350/TP B738/TA M48/WV 21314KT/TB NEG/RM PHOG-KSAN AWC-WEB:ASA,NEG,201010130245-KWBC-UBCA90-PIREP,35000.0,35.66556,-121.28472,2010-10-13 02:34:00,0.0,M,"('KVBX', 'KHNX', 'KMUX', 'KVTX', 'KDAX')","['s3://unidata-nexrad-level2/2010/10/13/KHNX/KHNX20101013_023028_V03.gz', 's3://unidata-nexrad-level2/2010/10/13/KMUX/KMUX20101013_022554_V03.gz', 's3://unidata-nexrad-level2/2010/10/13/KVTX/KVTX20101013_022914_V03.gz', 's3://unidata-nexrad-level2/2010/10/13/KDAX/KDAX20101013_022827_V03.gz']"
F,B753,BDL UA /OV BDL /TM 2330 /FL110 /TP B753 /SK BKN-TOP078 /TB CONT LGT CHOP 110 /RM DURD 110-050  TOPS RAGGED,CONT LGT CHOP 110,,11000.0,41.9381,-72.6825,2010-10-06 23:30:00,1.0,M,"('KOKX', 'KBOX', 'KENX', 'KDIX', 'KCXX')","['s3://unidata-nexrad-level2/2010/10/06/KOKX/KOKX20101006_232048_V03.gz', 's3://unidata-nexrad-level2/2010/10/06/KBOX/KBOX20101006_232956_V03.gz', 's3://unidata-nexrad-level2/2010/10/06/KENX/KENX20101006_232528_V03.gz', 's3://unidata-nexrad-level2/2010/10/06/KDIX/KDIX20101006_232650_V03.gz', 's3://unidata-nexrad-level2/2010/10/06/KCXX/KCXX20101006_232649_V03.gz']"
F,BE9L,PRX UA /OV PRX /TM 1424 /FL220 /TP BE9L /TA M12 /TB NEG /RM LOW STRATUS BLO,NEG,201010201400-KMSC-UBUS01-PIREP,22000.0,33.54,-95.45,2010-10-20 14:24:00,0.0,L,"('KSHV', 'KFWS', 'KSRX', 'KTLX', 'KOUN')","['s3://unidata-nexrad-level2/2010/10/20/KSHV/KSHV20101020_142043_V03.gz', 's3://unidata-nexrad-level2/2010/10/20/KFWS/KFWS20101020_142257_V03.gz', 's3://unidata-nexrad-level2/2010/10/20/KSRX/KSRX20101020_141726_V03.gz', 's3://unidata-nexrad-level2/2010/10/20/KTLX/KTLX20101020_140205_V03.gz']"
T,C550,POU UUA /OV PWL /TM 0109 /FL125 /TP C550 /TB SEV /RM TURB SEV 125-110 SMMTH,SEV,,12500.0,41.77,-73.6,2010-10-04 01:09:00,5.0,L,"('KENX', 'KOKX', 'KBGM', 'KBOX', 'KDIX')","['s3://unidata-nexrad-level2/2010/10/04/KENX/KENX20101004_010440_V03.gz', 's3://unidata-nexrad-level2/2010/10/04/KOKX/KOKX20101004_010410_V03.gz', 's3://unidata-nexrad-level2/2010/10/04/KBGM/KBGM20101004_010542_V03.gz', 's3://unidata-nexrad-level2/2010/10/04/KBOX/KBOX20101004_010406_V03.gz', 's3://unidata-nexrad-level2/2010/10/04/KDIX/KDIX20101004_010817_V03.gz']"
T,BE40,TLH UUA /OV SZW135020/TM 2104/FL410/TP BE40/TB SEV/RM COULD NOT MAINTAIN ALT SEVERE DOWNDRAFT...ZJX,SEV,201010282130-KWBC-UBFL90-PIREP,41000.0,30.3242786477023,-84.09625465090265,2010-10-28 21:04:00,5.0,M,"('KTLH', 'KVAX', 'KEVX', 'KEOX', 'KJAX')","['s3://unidata-nexrad-level2/2010/10/28/KTLH/KTLH20101028_210317_V03.gz', 's3://unidata-nexrad-level2/2010/10/28/KJAX/KJAX20101028_210210_V03.gz']"
F,B752,BDR UA /OV BDR /TM 0801 /FL200 /TP B752 /TB MOD 170-200 /RM DURC,MOD 170-200,201010290950-KWBC-UBCT90-PIREP,20000.0,41.16,-73.12,2010-10-29 08:01:00,3.0,M,"('KOKX', 'KDIX', 'KENX', 'KBOX', 'KBGM')","['s3://unidata-nexrad-level2/2010/10/29/KOKX/KOKX20101029_075445_V03.gz', 's3://unidata-nexrad-level2/2010/10/29/KDIX/KDIX20101029_075740_V03.gz', 's3://unidata-nexrad-level2/2010/10/29/KENX/KENX20101029_075819_V03.gz', 's3://unidata-nexrad-level2/2010/10/29/KBOX/KBOX20101029_075919_V03.gz', 's3://unidata-nexrad-level2/2010/10/29/KBGM/KBGM20101029_075722_V03.gz']"
T,M20,NHK UUA /OV PXT/TM 1343/FL080/TP M20/TB SEV,SEV,201010031355-KWBC-UBMD91-PIREP,8000.0,38.29,-76.4,2010-10-03 13:43:00,5.0,L,"('KDOX', 'KLWX', 'KAKQ', 'KDIX', 'KCCX')","['s3://unidata-nexrad-level2/2010/10/03/KDOX/KDOX20101003_134113_V04.gz', 's3://unidata-nexrad-level2/2010/10/03/KLWX/KLWX20101003_133918_V03.gz', 's3://unidata-nexrad-level2/2010/10/03/KAKQ/KAKQ20101003_133812_V03.gz', 's3://unidata-nexrad-level2/2010/10/03/KDIX/KDIX20101003_133624_V03.gz', 's3://unidata-nexrad-level2/2010/10/03/KCCX/KCCX20101003_133946_V03.gz']"
F,B738,GGW UA /OV KLWT080070/TM 2334/FL350/TP B738/TB NEG/RM ENROUTE SEA TO EWR-RIDE GOOD SO FAR BUT JUST NOW STARTING TO GET BUMPY AWC-WEB:ASA,NEG,201010242300-KMSC-UBUS01-PIREP,35000.0,47.272605950380616,-107.85298174853224,2010-10-24 23:34:00,0.0,M,"('KGGW', 'KBLX', 'KTFX', 'KRIW', 'KUDX')","['s3://unidata-nexrad-level2/2010/10/24/KGGW/KGGW20101024_232832_V03.gz', 's3://unidata-nexrad-level2/2010/10/24/KBLX/KBLX20101024_233106_V03.gz', 's3://unidata-nexrad-level2/2010/10/24/KTFX/KTFX20101024_233225_V03.gz', 's3://unidata-nexrad-level2/2010/10/24/KRIW/KRIW20101024_233339_V03.gz', 's3://unidata-nexrad-level2/2010/10/24/KUDX/KUDX20101024_232953_V03.gz']"
F,P28A,BDL UA /OV BDL270020 /TM 1846 /FL050 /TP P28A /SK BKN035 /TB CONT MOD /IC NEG /RM /TA UNKN IMC,CONT MOD,201010161850-KWBC-UBCT90-PIREP,5000.0,41.94,-73.13815825230557,2010-10-16 18:46:00,3.0,L,"('KENX', 'KOKX', 'KBOX', 'KDIX', 'KCXX')","['s3://unidata-nexrad-level2/2010/10/16/KENX/KENX20101016_184247_V03.gz', 's3://unidata-nexrad-level2/2010/10/16/KOKX/KOKX20101016_184305_V03.gz', 's3://unidata-nexrad-level2/2010/10/16/KBOX/KBOX20101016_184307_V03.gz', 's3://unidata-nexrad-level2/2010/10/16/KDIX/KDIX20101016_184322_V03.gz', 's3://unidata-nexrad-level2/2010/10/16/KCXX/KCXX20101016_184552_V03.gz']"
