URGENT,AIRCRAFT,REPORT,TURBULENCE,PRODUCT_ID,FL,LAT,LON,datetime,turbulence_intensity,in_sigmet,Plane Weight
T,C172,PSX UUA /OV PSX180010 /TM 0410 /FL060 /TP C172 /TB SEV,SEV,200912240420-KWBC-UBTX90-PIREP,6000.0,28.59331983331984,-96.31,2009-12-24 04:10:00+00:00,5.0,0,L
T,B747,CDB UUA /OV 56N  160W/TM 1527/FL370/TP B747/TB SEV/RM (CWSU ZAN),SEV,200912071500-KMSC-UBUS01-PIREP,37000.0,55.27,-162.77,2009-12-07 15:27:00+00:00,5.0,0,H
F,B737,BQK UA /OV SSI010010 /TM 0303 /FL130 /TP B737 /TB LGT-MOD 130,LGT-MOD 130,,13000.0,31.31636792042,-81.35700919606724,2009-12-01 03:03:00+00:00,2.0,0,M
T,C210,BHM UUA /OV BHM /TM 0218 /FL010 /TP C210 /TB SEV,SEV,,1000.0,33.56546,-86.74488,2009-12-09 02:18:00+00:00,5.0,1,L
F,B733,PSP UA /OV PSP275018 /TM 0047 /FL150 /TP B733 /TB MOD /IC MOD RIME /RM /TA UNKN,MOD,200912080050-KWBC-UBCA90-PIREP,15000.0,33.896148840710964,-116.789967605652,2009-12-08 00:47:00+00:00,3.0,0,M
T,DC10,MEM UUA /OV MEM /TM 1500 /FL080 /TP DC10 /TB SEV /RM PILOT REPORTED WIND SHEAR GAIN 25KT,SEV,,8000.0,35.06111,-89.985,2009-12-08 15:00:00+00:00,5.0,0,H
F,LJ45,IFP UA /OV EED345025/TM 1755/FL340/TP LJ45/TB MOD/RM ZLA CWSU,MOD,,34000.0,35.16885169431635,-114.75456675810376,2009-12-27 17:55:00+00:00,3.0,0,M
F,B744,CDB UA /OV 57N 161W/TM 0011/FL360/TP B744/TB LGT-MOD TURB/RM 57*12'N  161*34'W CWSU ZAN,LGT-MOD TURB,200912070000-KMSC-UBUS01-PIREP,36000.0,55.27,-162.77,2009-12-07 00:11:00+00:00,2.0,0,H
F,B738,COT UA /OV COT030025/TM 2329/FL360/TP B738/TB MOD CHOP/RM AWC-WEB:KZHU,MOD CHOP,,36000.0,28.81754314663012,-98.9813469586602,2009-12-25 23:29:00+00:00,3.0,0,M
F,B738,TAD UA /OV ALS070050/TM 1820/FL370/TP B738/TA M59/WV 240106KT/TB OCNL LGT CHOP 370/RM FL370 LGT MTN WAVE AWC-WEB:ASA,OCNL LGT CHOP 370,,37000.0,37.72392987248749,-104.875069512539,2009-12-13 18:20:00+00:00,1.0,0,M
T,C560,CXO UUA /OV IAH045030 /TM 1638 /FL150 /TP C560 /TB SEV,SEV,,15000.0,30.33798202844655,-94.95248279634887,2009-12-01 16:38:00+00:00,5.0,0,M
T,C310,ARB UUA /OV CRL270020 /TM 0105 /FL040 /TP C310 /TA M03 /TB SEV CHOP 000-035 /RM 040 SMOOTH RIDE,SEV CHOP 000-035,200912100115-KWBC-UBMI90-PIREP,4000.0,42.05,-83.90893349605363,2009-12-10 01:05:00+00:00,5.0,0,L
F,NMRS,ELZ UA /OV SYR-JHW/TM 1217/FL240/TP NMRS/TB LGT MDT CHOP FL240-FL320,LGT MDT CHOP FL240-FL320,,24000.0,42.63229,-77.68217,2009-12-13 12:17:00+00:00,1.0,0,U
T,E120,IYK UUA /OV IYK /TM 0735 /FL050 /TP E120 /TB SEV 050-000 /RM DURD,SEV 050-000,200912080745-KWBC-UBCA91-PIREP,5000.0,35.67,-117.83,2009-12-08 07:35:00+00:00,5.0,0,M
F,B738,EKO UA /OV KEKO/TM 1649/FL390/TP B738/TB INTMT LGT CHOP 390/RM AWC-WEB:ASA,INTMT LGT CHOP 390,,39000.0,40.8242,-115.78601,2009-12-15 16:49:00+00:00,1.0,0,M
T,BE36,BIH UUA /OV BIH-BIH150050 /TM 2030 /FL095 /TP BE36 /TB SEV /RM MOD TB AT 075,SEV,,9500.0,37.37311,-118.36361,2009-12-21 20:30:00+00:00,5.0,0,L
F,B737,ALS UA /OV ALS 240025/TM 2007/FL370/TP B737/TB OCNL MOD CHOP/RM CWSU ZDV,OCNL MOD CHOP,200912312020-KWBC-UBCO90-PIREP,37000.0,37.14164979164979,-106.27396026161117,2009-12-31 20:07:00+00:00,3.0,0,M
T,PC12,BJC UUA /OV BJC330020 /TM 1703 /FL110 /TP PC12 /TB SEV 110-100,SEV 110-100,,11000.0,40.1975085173041,-105.33448558551456,2009-12-09 17:03:00+00:00,5.0,0,L
F,PAY2,HXD UA /OV SAV090045 /TM 1730 /FL230 /TP PAY2 /SK SKC /WX FV99SM /TB NEG,NEG,,23000.0,32.12758,-80.31645002658757,2009-12-20 17:30:00+00:00,0.0,0,L
T,B737,TMB UUA /OV DHP240030 /TM 1622 /FL100 /TP B737 /TB SEV 100 /RM ZMATMU051622,SEV 100,,10000.0,25.54997974997975,-80.83099383208649,2009-12-05 16:22:00+00:00,5.0,0,M
F,E145,FYV UA /OV RZC025025/TM 1309/FL215/TP E145/TB MOD FL190-FL215/RM SMOOTHED OUT AT FL215/ZME,MOD FL190-FL215,200912091320-KWBC-UBAR90-PIREP,21500.0,36.62765883251701,-93.90162764703162,2009-12-09 13:09:00+00:00,3.0,0,M
T,C750,TLH UUA /OV PFN 180040/TM 2154/FL410/TP C750/TB SEV/RM ZJX CWSU,SEV,200912192200-KMSC-UBUS01-PIREP,41000.0,29.55327933327933,-85.68,2009-12-19 21:54:00+00:00,5.0,0,M
F,GLF4,WJF UA /OV BUR360020 /TM 2313 /FL080 /TP GLF4 /TB MOD,MOD,,8000.0,34.534030333360334,-118.35867,2009-12-24 23:13:00+00:00,3.0,0,M
T,C414,SUA UUA /OV PBI019043 /TM 1944 /FL030 /TP C414 /TB SEV /RM /FL 030-040 ZMATMU171950KJ,SEV,,3000.0,27.362376533254377,-79.83824162868729,2009-12-17 19:44:00+00:00,5.0,0,L
F,B752,BUF UA /OV BUF180005 /TM 1110 /FL032 /TP B752 /SK OVC032-TOP042/ SKC /TB NEG /RM IC NEG TA UNKN,NEG,200912301100-KMSC-UBUS01-PIREP,3200.0,42.84665991665992,-78.65,2009-12-30 11:10:00+00:00,0.0,0,M
T,LJ60,LCH UUA /OV LCH360020/TM 1417/FL410/TP LJ60/TB SEV/RM AWC-WEB:KZHU,SEV,200912011440-KWBC-UBLA90-PIREP,41000.0,30.473360333360333,-93.11,2009-12-01 14:17:00+00:00,5.0,0,M
T,C550,MYGF UUA /OV ZFP050088/TM 1855/FL120/TP C550/TB SEV,SEV,,12000.0,27.442831524117985,-77.5244633882788,2009-12-18 18:55:00+00:00,5.0,1,L
F,MU2,JEF UA /OV SGF040088 /TM 0558 /FL210 /TP MU2 /SK SKC /TA M12 /TB NEG /IC NEG,NEG,200912160605-KWBC-UBMO90-PIREP,21000.0,38.48362285607868,-92.1438073618503,2009-12-16 05:58:00+00:00,0.0,0,L
T,A306,SDF UUA /OV IIU010030/TM 0935/FL250/TP A306/TB SEV/RM SEV FL250 TOFL280 PIREP -MOD FL280 TO FL300- MOSTLY SMOOTH FL306 AND ABV,SEV,,25000.0,38.59244376125999,-85.46965909615348,2009-12-02 09:35:00+00:00,5.0,0,H
F,C680,MHK UA /OV MHK180010/TM 0003/FL410/TP C680/TB MOD CHOP/RM CWSU ZKC,MOD CHOP,,41000.0,38.96859983331984,-96.67778,2009-12-14 00:03:00+00:00,3.0,0,U
F,C560,DNS UA /OV LAN270477 /TM 1528 /FL300 /TP C560 /SK SKC /TA M30 /TB NEG,NEG,,30000.0,42.78,-95.41242715790564,2009-12-28 15:28:00+00:00,0.0,0,M
T,B747,ADQ UUA /OV ODK252059/TM 1715/FL340/TP B747/TB SEV/RM (CWSU ZAN),SEV,,34000.0,57.44610867563642,-154.25272841759065,2009-12-18 17:15:00+00:00,5.0,0,H
T,B737,PTW UUA /OV MXE040025/TM 2248/FL190/TP B737/TB SEV,SEV,,19000.0,40.23921103865872,-75.32075566955876,2009-12-26 22:48:00+00:00,5.0,0,M
F,BE30,ORH UA /OV FIT175011 /TM 2003 /FL050 /TP BE30 /SK BKN060 /TB LGT CHOP /RM VMC,LGT CHOP,,5000.0,42.36928951184379,-71.73413783886569,2009-12-10 20:03:00+00:00,1.0,0,L
F,PA30,TYR UA /OV TYR /TM 2007 /FL065 /TP PA30 /SK SCT-BKN-TOP055 /WV 23035KT /TB NEG /RM BETWEEN LAYERS,NEG,,6500.0,32.35414,-95.40239,2009-12-22 20:07:00+00:00,0.0,0,L
F,BE58,TIP UA /OV CMI360018 /TM 1749 /FL070 /TP BE58 /TB LGT /RM VMC,LGT,,7000.0,40.338854300024295,-88.27781,2009-12-18 17:49:00+00:00,1.0,0,L
F,PRM1,AUW UA /OV ICT-AUW /TM 2051 /FL410 /TP PRM1 /SK SKC /TA M55 /TB NEG,NEG,200912102100-KWBC-UBWI90-PIREP,41000.0,41.3,-93.585,2009-12-10 20:51:00+00:00,0.0,0,L
T,BE20,PVU UUA /OV DTA/TM 0136/FL190/TP BE20/TB SEV 190-200/RM ZLC,SEV 190-200,,19000.0,39.3806,-112.5077,2009-12-07 01:36:00+00:00,5.0,0,M
T,BE36,NID UUA /OV BIH150080 /TM 2043 /FL075 /TP BE36 /TB SEV,SEV,,7500.0,36.2183159307836,-117.5246506266727,2009-12-21 20:43:00+00:00,5.0,0,L
T,A343,BOS UUA /OV 4100N 05300W/TM 2157/FL360/TP A343/TB SEV,SEV,,36000.0,41.0,-53.0,2009-12-31 21:57:00+00:00,5.0,0,H
F,C208,AUG UA /OV AUG127010 /TM 1516 /FL050 /TP C208 /SK BKN065 /TA M04 /TB NEG /RM VMC OVR RAZZR INT,NEG,,5000.0,44.21968937163039,-69.61393961126231,2009-12-22 15:16:00+00:00,0.0,0,L
F,CRJ2,SLC UA /OV SLC270020 /TM 1930 /FL120 /TP CRJ2 /TA M07 /TB LGT CHOP /IC LGT RIME,LGT CHOP,,12000.0,40.78,-112.4102405776692,2009-12-16 19:30:00+00:00,1.0,0,M
F,PA18,OTZ UA /OV OTZ360025 /TM 0120 /FL018 /TP PA18 /WV 36050KIT /TB MDT-SEV,MDT-SEV,200912140130-KWBC-UBAK90-PIREP,1800.0,67.30670041670042,-162.54,2009-12-14 01:20:00+00:00,5.0,0,L
F,B734,FAT UA /OV FRA097015/TM 0543/FL290/TP B734/TB LGT CHOP 290/RM CONT MODT CHOP ABM RNO AT FL330. KSEA-KONT AWC-WEB:ASA,LGT CHOP 290,200912230550-KWBC-UBCA90-PIREP,29000.0,37.06953019629204,-119.28886454701323,2009-12-23 05:43:00+00:00,1.0,0,M
T,C402,BCT UUA /OV PBI125020 /TM 1649 /FL060 /TP C402 /TB SEV,SEV,,6000.0,26.493492367970383,-79.79377555109218,2009-12-18 16:49:00+00:00,5.0,1,L
T,BE9L,GUP UUA /OV FMN180050 /TM 1815 /FL130 /TP BE9L /TB SEV,SEV,200912081830-KWBC-UBNM90-PIREP,13000.0,35.91659916659917,-108.1,2009-12-08 18:15:00+00:00,5.0,0,L
F,B763,ORF UA /OV 3900N/5000W/TM 0319/FL320/TP B763/TB MOD 320,MOD 320,,32000.0,36.90333,-76.19222,2009-12-26 03:19:00+00:00,3.0,0,H
F,P28R,HLC UA /OV HLC180015 /TM 2150 /FL060 /TP P28R /WX FV99SM /TA M08 /TB CONT LGT OCNL MOD,CONT LGT OCNL MOD,200912102200-KWBC-UBKS90-PIREP,6000.0,39.00997974997975,-100.23,2009-12-10 21:50:00+00:00,2.0,0,L
F,B734,LKV UA /OV KLMT090045/TM 0254/FL270/TP B734/TA M39/WV 31390KT/TB CONT LGT CHOP 270/RM ENROUTE SEA TO SAN / NEVER GOT TO FL330 BASED ON ATC REC. TRIED FL290 CONT LT/OCCASL MOD CHOP. FL270 CONT LT CHOP AWC-WEB:ASA,CONT LGT CHOP 270,200912310300-KWBC-UBOR90-PIREP,27000.0,42.15,-120.7183054218821,2009-12-31 02:54:00+00:00,1.0,0,M
T,B737,PIE UUA /OV 45N PIE/TM 0025/FL155/TP B737/TB SEV BTN 155-160/RM ZJX CWSU,SEV BTN 155-160,200912050045-KWBC-UBFL91-PIREP,15500.0,28.66006075006075,-82.68,2009-12-05 00:25:00+00:00,5.0,0,M
T,BE36,SFO UUA /OV HAF /TM 1847 /FL030 /TP BE36 /TB SEV,SEV,,3000.0,37.51360071,-122.49958213,2009-12-24 18:47:00+00:00,5.0,0,L
F,LJ55,DVL UA /OV FAR290124 /TM 1947 /FL410 /TP LJ55 /SK SKC /TA M53 /TB NEG,NEG,,41000.0,47.632178883768965,-99.6549262760886,2009-12-07 19:47:00+00:00,0.0,0,M
F,B737,TLH UA /OV SZW340005/TM 1810/FL380/TP B737/TB CONT LGT 380/RM AWC-WEB:SWA,CONT LGT 380,,38000.0,30.63831406133036,-84.40310193948922,2009-12-15 18:10:00+00:00,1.0,0,M
F,B747,ISP UA /OV HUO/TM 0325/FL300/TP B747/TB SEV 300,SEV 300,200912020400-KWBC-UBNY90-PIREP,30000.0,41.41,-74.59,2009-12-02 03:25:00+00:00,5.0,0,H
F,B764,ERV UA /OV SAT360040/TM 2120/FL300/TP B764/TB MOD CHOP 300/RM FM ZHU AWC-WEB:KZHU,MOD CHOP 300,200912212130-KWBC-UBTX90-PIREP,30000.0,30.30672066672067,-98.46,2009-12-21 21:20:00+00:00,3.0,0,H
F,BE30,DMW UA /OV BAL360030 /TM 1530 /FL062 /TP BE30 /TB MOD 062-BLO /RM SMOOTH ABV 062,MOD 062-BLO,,6200.0,39.6700405000405,-76.66,2009-12-11 15:30:00+00:00,3.0,0,L
T,GALX,CRW UUA /OV HVQ/TM 1739/FL100/TP GALX/TB SEV,SEV,200912091800-KWBC-UBWV91-PIREP,10000.0,38.35,-81.77,2009-12-09 17:39:00+00:00,5.0,0,M
F,C182,JBR UA /OV GQE360020 /TM 1526 /FL050 /TP C182 /SK SKC /WX FV20SM HZ /TB NEG,NEG,,5000.0,35.68336033336033,-90.48,2009-12-01 15:26:00+00:00,0.0,0,L
F,MD88,ELD UA /OV MLU/TM 0427/FL340/TP MD88/TA M49/TB NEG/IC NEG/RM AWC-WEB:DAL,NEG,,34000.0,32.51086,-92.03769,2009-12-01 04:27:00+00:00,0.0,0,M
T,B777,YAK UUA /OV YAK 320045/TM 0025/FL330/TP B777/TB SEV CAT/RM LASTED 5SECONDS (CWSU ZAN),SEV CAT,,33000.0,60.07457986958569,-140.60993756499263,2009-12-17 00:25:00+00:00,5.0,0,H
T,RV7,CSG UUA /OV CSG210010 /TM 1957 /FL055 /TP RV7 /TB SEV,SEV,,5500.0,32.37176074134795,-85.04105313158439,2009-12-27 19:57:00+00:00,5.0,0,L
F,E135,CMH UA /OV APE080010/TM 1659/FL060/TP E135/SK OVC/TA O/TB LGT CHOP,LGT CHOP,,6000.0,40.17894370719723,-82.37524761379206,2009-12-25 16:59:00+00:00,1.0,0,M
T,CRJ7,MEM UUA /OV MEM 360010/TM 1458/FL360/TP CRJ7/TB SEV/RM ZME,SEV,,36000.0,35.227790166680165,-89.985,2009-12-08 14:58:00+00:00,5.0,0,M
F,M20P,LBR UA /OV TXK270035 /TM 2345 /FL090 /TP M20P /SK OVC-TOP050/ SKC /TA 00 /TB NEG,NEG,,9000.0,33.45372,-94.69024928371208,2009-12-30 23:45:00+00:00,0.0,0,L
T,ASTR,AUN UUA /OV HNW 080050/TM 2107/FL160/TP ASTR/TB MDT-SEV/RM ZOA CWSU,MDT-SEV,,16000.0,38.86471853598616,-119.69805580085328,2009-12-06 21:07:00+00:00,5.0,0,M
F,PA24,EAT UA /OV EAT /TM 2023 /FL125 /TP PA24 /SK SKC /TA M03 /WV 04015KT /TB NEG,NEG,,12500.0,47.399,-120.207,2009-12-25 20:23:00+00:00,0.0,0,L
F,GLF4,FNB UA /OV PWE090030 /TM 2357 /FL450 /TP GLF4 /TA M49 /WV 26012KT /TB NEG,NEG,200912270000-KMSC-UBUS01-PIREP,45000.0,40.2,-95.5553219429088,2009-12-26 23:57:00+00:00,0.0,0,M
F,MD82,MHK UA /OV FRI/TM 1502/FL300/TP MD82/TB CONS LGT/RM CWSU ZKC,CONS LGT,200912291515-KWBC-UBKS90-PIREP,30000.0,38.97,-96.86,2009-12-29 15:02:00+00:00,1.0,0,M
F,B737,IAD UA /OV DCA270015 /TM 1525 /FL230 /TP B737 /TA M25 /TB CONT LGT /IC LGT RIME,CONT LGT,,23000.0,38.8472,-77.35557381316865,2009-12-13 15:25:00+00:00,1.0,0,M
T,E145,GWO UUA /OV GCV360025/TM 2314/FL370/TP E145/TB SEV/RM AWC-WEB:KZHU,SEV,200912122325-KWBC-UBMS90-PIREP,37000.0,31.516700416700417,-88.49,2009-12-12 23:14:00+00:00,5.0,1,M
T,CRJ2,PBF UUA /OV 10S PBF/TM 1805/FL200/TP CRJ2/TB SEV FL240-FL200/RM ZME,SEV FL240-FL200,,20000.0,34.00831983331983,-91.93472,2009-12-08 18:05:00+00:00,5.0,1,M
T,CL60,MKL UUA /OV JKS020020/TM 0030/FL235/TP CL60/TB SEV FL290-FL235/RMDESCENDING INTO MEM/ZME,SEV FL290-FL235,,23500.0,35.913256245321435,-88.2197763592692,2009-12-16 00:30:00+00:00,5.0,0,M
F,B737,MHK UA /OV MHK/TM 0158/FL380/TP B737/TB MOD/RM CWSU ZKC,MOD,,38000.0,39.13528,-96.67778,2009-12-25 01:58:00+00:00,3.0,0,M
T,LJ35,PSP UUA /OV TRM263036 /TM 0009 /FL130 /TP LJ35 /TB SEV /RM /OV HEMET INTERSECTION,SEV,200912230015-KWBC-UBCA91-PIREP,13000.0,35.99,-85.59,2009-12-23 00:09:00+00:00,5.0,0,M
T,BE36,SEA UUA /OV SEA135005 /TM 2054 /FL015 /TP BE36 /TB SEV 008-015,SEV 008-015,200912062100-KWBC-UBWA90-PIREP,1500.0,47.38106966192557,-122.22287158986418,2009-12-06 20:54:00+00:00,5.0,0,L
T,F900,HNL UUA /OV 4000N 13436W/TM 1957/FL400/TP F900/TB SEV/RM ZOA CWSU,SEV,,40000.0,40.0,-134.6,2009-12-28 19:57:00+00:00,5.0,0,M
F,MD11,BET UA /OV BET100090/TM 1445/FL350/TP MD11/TB SEV/RM (CWSU ZAN),SEV,,35000.0,60.50950663522492,-158.80464488630972,2009-12-06 14:45:00+00:00,5.0,0,H
T,B737,MIA UUA /OV 2500N 07100W/TM 1748/FL360/TP B737/TB MDT-SEV CAT,MDT-SEV CAT,,36000.0,25.0,-71.0,2009-12-24 17:48:00+00:00,5.0,0,M
T,LJ35,BUO UUA /OV TRM263035/TM 0011/FL130/TP LJ35/TB SEV/RM AWC-WEB:KZLA,SEV,200912230015-KWBC-UBCA91-PIREP,13000.0,33.5589037913481,-116.85542437729153,2009-12-23 00:11:00+00:00,5.0,0,M
T,BE55,DYS UUA /OV ABI261006 /TM 2152 /FL080 /TP BE55 /TB SEV /RM DURD,SEV,,8000.0,32.39498379637555,-99.79908811538414,2009-12-08 21:52:00+00:00,5.0,0,L
T,B744,MQY UUA /OV SYI /TM 0321 /FL350 /TP B744 /TB SEV,SEV,,35000.0,35.5594,-86.4425,2009-12-21 03:21:00+00:00,5.0,0,H
T,E145,MIA UUA /OV DHP295050/TM 0051/FL220/TP E145/TB SEV 190-220/RM CWSU ZMA,SEV 190-220,200912050105-KWBC-UBFL90-PIREP,22000.0,26.152210411545116,-81.18894470383822,2009-12-05 00:51:00+00:00,5.0,0,M
T,CRJ2,MEM UUA /OV MEM180040/TM 0001/FL350/TP CRJ2/TB SEV/RM ZME,SEV,,35000.0,34.394389333279335,-89.985,2009-12-09 00:01:00+00:00,5.0,0,M
T,B747,ADQ UUA /OV ODK252059/TM 1715/FL340/TP B747/TB SEV/RM (CWSU ZAN,SEV,200912181735-KWBC-UBAK91-PIREP,34000.0,57.47610867563642,-154.09418437461284,2009-12-18 17:15:00+00:00,5.0,0,H
T,B777,SBY UUA /OV SBY/TM 0621/FL350/TP B777/TB SEV,SEV,200912010635-KWBC-UBMD90-PIREP,35000.0,38.35,-75.51,2009-12-01 06:21:00+00:00,5.0,0,H
T,A306,SDF UUA /OV IIU010030/TM 0935/FL250/TP A306/TB SEV/RM SEV FL250 TO FL280 PIREP -MOD FL280 TO FL300- MOSTLY SMOOTH FL306 AND ABV,SEV,200912020900-KMSC-UBUS01-PIREP,25000.0,38.59244376125999,-85.46965909615348,2009-12-02 09:35:00+00:00,5.0,0,H
F,C208,NYL UA /OV GBN270053 /TM 1551 /FL080 /TP C208 /SK OVC140 /TB NEG,NEG,,8000.0,32.8875,-113.77200016973794,2009-12-10 15:51:00+00:00,0.0,0,L
F,B767,ORF UA /OV 39N 040W/TM 1430/FL330/TP B767/TB MDT SEV / SEV/RMAIRCRAFT CLIMBED TO FL340 AND CONDITIONS IMPROVED TO LIGHT CHOP WESTOF 40W,MDT SEV,,33000.0,36.90333,-76.19222,2009-12-03 14:30:00+00:00,5.0,0,H
F,BE30,PUB UA /OV PUB090010 /TM 1650 /FL060 /TP BE30 /TB MOD 060-090,MOD 060-090,,6000.0,38.29,-104.28596733999258,2009-12-30 16:50:00+00:00,3.0,0,L
T,F900,SWF UUA /OV CMK270020 /TM 1242 /FL100 /TP F900 /TB SEV 100-130,SEV 100-130,200912091250-KWBC-UBNY91-PIREP,10000.0,41.28,-74.02359652117462,2009-12-09 12:42:00+00:00,5.0,0,M
T,F900,TEB UUA /OV TEB360004 /TM 1240 /FL020 /TP F900 /TB SEV,SEV,,2000.0,40.92566206667207,-74.05616,2009-12-09 12:40:00+00:00,5.0,0,M
F,LR35,IGM UA /OV PGS265042/TM 1621/FL120/TP LR35/TB SEV/RM ZLA CWSU,SEV,,12000.0,35.55898603834108,-114.39790983788014,2009-12-16 16:21:00+00:00,5.0,0,U
F,PA31,TCC UA /OV CVS360040 /TM 1313 /FL100 /TP PA31 /SK OVC-TOP100/ SKC /TA M12 /TB NEG /IC NEG /RM COR PPSN CSV360040,NEG,,10000.0,35.04957066672066,-103.32218,2009-12-20 13:13:00+00:00,0.0,0,L
T,GLF5,PHL UUA /OV PHL135017 /TM 2102 /FL030 /TP GLF5 /TB SEV,SEV,200912132110-KWBC-UBPA91-PIREP,3000.0,39.66963685054695,-74.98894083103387,2009-12-13 21:02:00+00:00,5.0,0,M
F,CRJ2,ABE UA /OV ABE /TM 1122 /FL070 /TP CRJ2 /TB MOD,MOD,200912091130-KWBC-UBPA90-PIREP,7000.0,40.65,-75.43,2009-12-09 11:22:00+00:00,3.0,0,M
T,E145,LUL UUA /OV GCV360025/TM 2314/FL370/TP E145/TB SEV/RM AWC-WEB:KZHU,SEV,,37000.0,31.516700416700417,-88.49,2009-12-12 23:14:00+00:00,5.0,1,M
F,B733,FLG UA /OV FLG09040/TM 2220/FL330/TP B733/TB CONT MOD CHOP 330/RM AWC-WEB:SWA,CONT MOD CHOP 330,,33000.0,35.14028,-111.67222,2009-12-20 22:20:00+00:00,3.0,0,M
T,C550,RSW UUA /OV RSW285120/TM 0001/FL410/TP C550/TB SEV/RM CWSU ZMA,SEV,200912030015-KWBC-UBFL90-PIREP,41000.0,27.04768001893228,-83.93939065030087,2009-12-03 00:01:00+00:00,5.0,1,L
F,A332,SIT UA /OV SIT 180040/TM 2226/FL360/TP A332/TB MOD/RM TB CONT LGTFL280 (CWSU ZAN),MOD,,36000.0,56.373279333279335,-135.36,2009-12-25 22:26:00+00:00,3.0,0,H
F,C208,SAV UA /OV SAV /TM 0130 /FL060 /TP C208 /SK OVC070 /WX FV99SM /TA 12 /TB LGT-MOD CHOP,LGT-MOD CHOP,,6000.0,32.12758,-81.20214,2009-12-02 01:30:00+00:00,2.0,0,L
T,E145,CMH UUA /OV CMH090005 /TM 2213 /FL050 /TP E145 /TB SEV 000-050,SEV 000-050,200912022220-KWBC-UBOH90-PIREP,5000.0,40.0,-82.77120724771429,2009-12-02 22:13:00+00:00,5.0,0,M
T,UNKN,SBP UUA /OV SBP /TM 1858 /FL030 /TP UNKN /TB MOD-SEV /RM REPORTED BY MULT AC 5-10 NMR SBP SFC-030,MOD-SEV,,3000.0,35.23809025,-120.64408212,2009-12-18 18:58:00+00:00,4.0,0,U
T,A320,JFK UUA /OV JFK139030/TM 1357/FL200/TP A320/TB SEV,SEV,,20000.0,40.26122464412005,-73.32990319344604,2009-12-05 13:57:00+00:00,5.0,0,M
F,E170,JFK UA /OV JFK170050/TM 1904/FL170/TP E170/TB MOD,MOD,,17000.0,39.81787039790002,-73.57150792909485,2009-12-16 19:04:00+00:00,3.0,0,U
T,FA10,HRO UUA /OV 27S HRO/TM 2347/FL280/TP FA10/TB SEV/RM PILOT RPTD 1000 FT UPDFTS/ZME,SEV,200912152355-KWBC-UBAR90-PIREP,28000.0,35.86996354996355,-93.21,2009-12-15 23:47:00+00:00,5.0,0,M
T,B737,FPR UUA /OV VRB080090 /TM 1434 /FL280 /TP B737 /TB SEV /RM ONE JOLT,SEV,,28000.0,27.91605336477508,-78.7500599261706,2009-12-05 14:34:00+00:00,5.0,0,M
T,C680,CDW UUA /OV EWR360020 /TM 1327 /FL070 /TP C680 /TB SEV /RM DURC,SEV,,7000.0,41.016080333360335,-74.16932,2009-12-09 13:27:00+00:00,5.0,0,U
F,B739,SIT UA /OV PASI/TM 2007/FL360/TP B739/TA M57/WV 32970KT/TB CONT LGT CHOP 360/RM AWC-WEB:ASA,CONT LGT CHOP 360,200912212015-KWBC-UBAK90-PIREP,36000.0,57.04714,-135.36161,2009-12-21 20:07:00+00:00,1.0,0,M
T,C172,MKK UUA /OV MKK090003 /TM 2001 /FL018 /TP C172 /TB SEV /RM OVER KUALAPU'U RESERVOIR,SEV,,1800.0,21.15,-157.03638434725204,2009-12-18 20:01:00+00:00,5.0,0,L
T,C206,HIO UUA /OV HIO360005 /TM 1650 /FL015 /TP C206 /TB SEV,SEV,200912261700-KWBC-UBOR90-PIREP,1500.0,45.66334008334008,-122.83,2009-12-26 16:50:00+00:00,5.0,0,L
F,CRJ7,DAL UA /OV KDFW080020/TM 1629/FL130/TP CRJ7/TB MOD CHOP/RM AWC-WEB:KZFW,MOD CHOP,,13000.0,32.954717414394466,-96.64700866562627,2009-12-24 16:29:00+00:00,3.0,0,M
F,BE58,BDL UA /OV BDL /TM 0630 /FL060 /TP BE58 /TA M02 /TB NEG /RM VMC,NEG,200912010600-KMSC-UBUS01-PIREP,6000.0,41.94,-72.69,2009-12-01 06:30:00+00:00,0.0,0,L
F,B737,PRC UA /OV DRK135025/TM 1738/FL180/TP B737/TB MOD/RM FL180-120,MOD,200912131755-KWBC-UBAZ90-PIREP,18000.0,34.405348309627875,-112.12160575803394,2009-12-13 17:38:00+00:00,3.0,0,M
F,B737,GAI UA /OV DCA360015 /TM 1330 /FL110 /TP B737 /TB MOD /RM DURC 110-145,MOD,,11000.0,39.09722025002025,-77.03455,2009-12-25 13:30:00+00:00,3.0,0,M
F,B737,UNV UA /OV UNV/TM 1224/FL040/TP B737/TB SEV/RM SEVR TURB ON APRCH TOUNV,SEV,,4000.0,40.85,-77.85,2009-12-29 12:24:00+00:00,5.0,0,M
F,FA10,JBR UA /OV 80SW ARG/TM 0050/FL290/TP FA10/TB MOD/RM ZME,MOD,,29000.0,35.1817845908092,-92.09242861953332,2009-12-02 00:50:00+00:00,3.0,0,M
F,MD11,LAX UA /OV 3130N 12640W/TM 1820/FL370/TP MD11/SK OVC-TOP350/TB NEG/RMSMOOTH RIDE AT FL370. ZOA CWSU,NEG,,37000.0,31.5,-126.6666,2009-12-09 18:20:00+00:00,0.0,0,H
F,A320,CMH UA /OV APE/TM 1210/FL350/TP A320/TB MOD CHOP,MOD CHOP,,35000.0,40.15,-82.59,2009-12-16 12:10:00+00:00,3.0,0,M
F,B739,LIC UA /OV HGO 180010/TM 0326/FL380/TP B739/TB OCNL LGT-MOD/RM CWSU ZDV,OCNL LGT-MOD,200912160340-KWBC-UBCO90-PIREP,38000.0,38.64331983331984,-103.63,2009-12-16 03:26:00+00:00,2.0,0,M
T,PC12,APG UUA /OV DQO225020 /TM 1541 /FL130 /TP PC12 /TA 04 /TB OCNL SEV 130-100,OCNL SEV 130-100,200912251500-KMSC-UBUS01-PIREP,13000.0,39.4442786477023,-75.91628179186847,2009-12-25 15:41:00+00:00,5.0,0,L
F,PA32,LZZ UA /OV LZZ /TM 2113 /FL070 /TP PA32 /WV 28631KT /TB OCNL MOD /RM VMC,OCNL MOD,,7000.0,31.1061939,-98.1958931,2009-12-31 21:13:00+00:00,3.0,0,L
F,MD88,BDL UA /OV BDL /TM 1456 /FL025 /TP MD88 /TB OCNL MOD 025-000 /RM DURD RY33 BDL,OCNL MOD 025-000,200912291500-KMSC-UBUS01-PIREP,2500.0,41.94,-72.69,2009-12-29 14:56:00+00:00,3.0,0,M
F,A320,IND UA /OV VHP/TM 1530/FL360/TP A320/TB MOD CHOP,MOD CHOP,,36000.0,39.81,-86.37,2009-12-02 15:30:00+00:00,3.0,0,M
T,J328,AUN UUA /OV HNW 082036/TM 2103/FL150/TP J328/TB MDT-SEV/RM ZOA CWSU,MDT-SEV,,15000.0,38.80351062439551,-119.98840073549869,2009-12-06 21:03:00+00:00,5.0,0,M
F,B738,SEA UA /OV SEA104070/TM 1620/FL280/TP B738/TB LGT-MOD CHOP/RM 280-260..ZSE,LGT-MOD CHOP,,28000.0,47.16242492682506,-120.64040775462848,2009-12-22 16:20:00+00:00,2.0,0,M
F,BE36,ODO UA /OV FST045040 /TM 1925 /FL095 /TP BE36 /TA 08 /TB NEG /RM OTP OVC BLO CLR ABV,NEG,,9500.0,31.3833827045954,-102.36717599614992,2009-12-02 19:25:00+00:00,0.0,0,L
F,B737,LOZ UA /OV LOZ/TM 0240/FL200/TP B737/TB LGT 200/RM SMOOTH AWC-WEB:SWA,LGT 200,200912160245-KWBC-UBKY90-PIREP,20000.0,37.03,-84.11,2009-12-16 02:40:00+00:00,1.0,0,M
F,MD83,DRT UA /OV DLF /TM 0159 /FL330 /TP MD83 /SK SKC /TA M42 /WV 25692KT /TB NEG,NEG,,33000.0,29.35949,-100.77797,2009-12-08 01:59:00+00:00,0.0,0,M
T,LR35,IGM UUA /OV PGS265042/TM 1621/FL120/TP LR35/TB SEV/RM COR TO UUA. ZLA CWSU,SEV,200912161730-KWBC-UBAZ90-PIREP,12000.0,35.55898603834108,-114.39790983788014,2009-12-16 16:21:00+00:00,5.0,0,U
T,B737,NXX UUA /OV MXE060020/TM 2255/FL160/TP B737/TB SEV 160/RM AWC-WEB:SWA,SEV 160,200912262300-KWBC-UBPA91-PIREP,16000.0,40.08668016668017,-75.29357150918041,2009-12-26 22:55:00+00:00,5.0,0,M
T,PA32,ROA UUA /OV ROA180010 /TM 1322 /FL045 /TP PA32 /TB SEV,SEV,,4500.0,37.15055999331983,-79.97367916,2009-12-11 13:22:00+00:00,5.0,0,L
F,AC50,PTK UA /OV FNT135020 /TM 0019 /FL040 /TP AC50 /WX RA /TB LGT MOD,LGT MOD,,4000.0,42.7309486477023,-83.42730641224107,2009-12-03 00:19:00+00:00,2.0,0,L
T,BE99,SBA UUA /OV RZS090010 /TM 1950 /FL060 /TP BE99 /TB SEV,SEV,,6000.0,34.51,-119.56772495070354,2009-12-22 19:50:00+00:00,5.0,0,L
T,SW4,TMB UUA /OV DHP248045 /TM 1547 /FL080 /TP SW4 /TB SEV /RM IMC,SEV,200912181630-KWBC-UBFL90-PIREP,8000.0,25.51902229756476,-81.12244220546181,2009-12-18 15:47:00+00:00,5.0,1,M
T,MD88,CMA UUA /OV FIM /TM 0230 /FL110 /TP MD88 /TB OCNL SEV 110-050,OCNL SEV 110-050,,11000.0,34.36,-118.88,2009-12-23 02:30:00+00:00,5.0,0,M
F,B737,SAV UA /OV 100E SAV/TM 0032/FL340/TP B737/TB CONT MOD/RM ZJX CWSU,CONT MOD,,34000.0,32.12758,-79.23394005908351,2009-12-06 00:32:00+00:00,3.0,0,M
F,B737,ANN UA /OV ANN/TM 1813/FL100/TP B737/SK TOPS 090/TB NEG/IC NEG/RM(CWSU ZAN),NEG,,10000.0,55.04,-131.57,2009-12-18 18:13:00+00:00,0.0,0,M
F,CRJ9,LAX UA /OV LAX040035/TM 2305/FL210/TP CRJ9/TB MOD/RM ZLA CWSU,MOD,,21000.0,34.38505545412221,-117.93453934786127,2009-12-12 23:05:00+00:00,3.0,0,U
T,B737,NTD UUA /OV FIM/TM 0150/FL130/TP B737/TB SEV/RM INJURIES. AWC-WEB:KZLA,SEV,200912230155-KWBC-UBCA91-PIREP,13000.0,34.36,-118.88,2009-12-23 01:50:00+00:00,5.0,0,M
F,A319,DTW UA /OV DXO/TM 1237/FL380/TP A319/TB CONT LGT,CONT LGT,,38000.0,42.21,-83.37,2009-12-28 12:37:00+00:00,1.0,0,M
F,A320,HXD UA /OV SAV090035 /TM 0304 /FL390 /TP A320 /TB MOD,MOD,,39000.0,32.12758,-80.51327002067923,2009-12-20 03:04:00+00:00,3.0,0,M
T,CRJ2,CXY UUA /OV HAR190015/TM 0108/FL300/TP CRJ2/TB MDT-SEV,MDT-SEV,,30000.0,39.98377811937,-77.07686699581966,2009-12-03 01:08:00+00:00,5.0,0,M
F,C182,LAS UA /OV HND270015 /TM 1828 /FL105 /TP C182 /TB NEG /RM SMOOTH,NEG,,10500.0,35.97286,-115.44337573908766,2009-12-24 18:28:00+00:00,0.0,0,L
T,B737,TMB UUA /OV DHP240030 /TM 1622 /FL100 /TP B737 /TB SEV,SEV,200912051635-KWBC-UBFL90-PIREP,10000.0,25.54997974997975,-80.83099383208649,2009-12-05 16:22:00+00:00,5.0,0,M
T,UNKN,RAL UUA /OV ONT-RAL /TM 1715 /FL090 /TP UNKN /TB SEV /RM W MT BALDY  MOD OCNL SEV TURB BLO 090 DURD,SEV,,9000.0,34.003945,-117.52315,2009-12-23 17:15:00+00:00,5.0,0,U
F,CH7B,MNH UA /OV FQF170022 /TM 2010 /FL080 /TP CH7B /WX FV99SM /TB NEG /RM DURC,NEG,,8000.0,39.32887457507601,-104.53725114598002,2009-12-11 20:10:00+00:00,0.0,0,L
F,B722,ARG UA /OV ARG /TM 1815 /FL340 /TP B722 /TA M50 /TB CONT LGT CHOP /RM NEAR TOPS,CONT LGT CHOP,,34000.0,36.12467,-90.92511,2009-12-08 18:15:00+00:00,1.0,0,M
F,B737,JBR UA /OV ARG285033/TM 0059/FL345/TP B737/TB MOD/RM BAD RIDES ABV FL340 AWC-WEB:SWA,MOD,,34500.0,36.26703200520637,-91.58287709154465,2009-12-21 00:59:00+00:00,3.0,0,M
F,BE58,PVD UA /OV PVD270010 /TM 1517 /FL090 /TP BE58 /TA 00 /TB NEG /IC LGT RIME,NEG,,9000.0,41.7219,-71.65581694977378,2009-12-26 15:17:00+00:00,0.0,0,L
T,PA32,DLG UUA /OV DLG270035 /TM 2315 /FL055 /TP PA32 /TB SEV /RM LOST1500 FT,SEV,,5500.0,59.04,-159.63401195878612,2009-12-04 23:15:00+00:00,5.0,0,L
F,E135,STL UA /OV STL 320050/TM 0107/FL120/TP E135/TA M12 TO M06/TB LGT CHOP130-080/IC LGT MXD 120-090  LGT RIME 080/RM CWSU ZKC,LGT CHOP130-080,,12000.0,39.39087207731744,-91.0603198285349,2009-12-07 01:07:00+00:00,1.0,0,M
T,MD88,MJX UUA /OV CYN170015/TM 1404/FL180/TP MD88/TB SEV,SEV,,18000.0,39.57377811937,-74.37347374067022,2009-12-05 14:04:00+00:00,5.0,0,M
F,B738,LMT UA /OV LMT/TM 1556/FL380/TP B738/SK CLR/TA M51/WV 295100KT/TB INT LGT CHOP/RM AWC-WEB:ASA,INT LGT CHOP,,38000.0,42.14694,-121.72417,2009-12-08 15:56:00+00:00,1.0,0,M
T,B767,MRY UUA /OV 2753/13650/TM 1130/FL350/TP B767/TB SEV,SEV,200912271145-KWBC-UBCA91-PIREP,35000.0,36.58,-121.85,2009-12-27 11:30:00+00:00,5.0,0,H
F,C56X,FDW UA /OV OMN360300 /TM 1713 /FL400 /TP C56X /SK OVC-TOP300/ SKC /TA M40 /TB NEG,NEG,,40000.0,34.300965000405,-81.11361,2009-12-26 17:13:00+00:00,0.0,0,M
F,B737,MIA UA /OV MIA135010 /TM 1220 /FL070 /TP B737 /TB MOD BLO 070 /RM DURC,MOD BLO 070,,7000.0,25.670189323851147,-80.1860332550552,2009-12-17 12:20:00+00:00,3.0,0,M
T,LR35,IGM UUA /OV PGS265042/TM 1621/FL120/TP LR35/TB SEV/RM COR TO UUA. ZLACWSU,SEV,,12000.0,35.55898603834108,-114.39790983788014,2009-12-16 16:21:00+00:00,5.0,0,U
T,AEST,ABE UUA /OV FJC /TM 1700 /FL050 /TP AEST /TB SEV,SEV,,5000.0,40.73,-75.45,2009-12-11 17:00:00+00:00,5.0,0,L
F,C560,GTR UA /OV IGB /TM 1304 /FL430 /TP C560 /TB NEG,NEG,,43000.0,33.48,-88.52,2009-12-08 13:04:00+00:00,0.0,0,M
F,C414,GAG UA /OV GAG170025 /TM 1840 /FL140 /TP C414 /TA M08 /TB NEG,NEG,,14000.0,35.885170198950014,-99.68664137762066,2009-12-28 18:40:00+00:00,0.0,0,L
T,E145,MIA UUA /OV DHP295050/TM 0051/FL220/TP E145/TB SEV 190-220/RM CWSUZMA.,SEV 190-220,,22000.0,26.152210411545116,-81.18894470383822,2009-12-05 00:51:00+00:00,5.0,0,M
T,C414,DNN UUA /OV CHA135020 /TM 2138 /FL050 /TP C414 /TB SEV,SEV,,5000.0,34.7995586477023,-84.91592318487864,2009-12-09 21:38:00+00:00,5.0,0,L
F,C180,MRI UA /OV SXQ-MRI /TM 0430 /FL030 /TP C180 /WX FV99SM /TB LGT CHOP OVR TURNAGAIN ARM OF THE COOK INLET /RM PIC SAYS FLIGHT WAS BEAUTIFUL,LGT CHOP OVR TURNAGAIN ARM OF THE COOK INLET,200912260400-KMSC-UBUS01-PIREP,3000.0,60.845,-150.44,2009-12-26 04:30:00+00:00,1.0,0,L
F,A320,SBA UA /OV VTU/TM 0422/FL380/TP A320/TB MOD/RM ZLA CWSU,MOD,,38000.0,34.12,-119.05,2009-12-12 04:22:00+00:00,3.0,0,M
F,C206,BCE UA /OV SFO-BCE /TM 2125 /FL170 /TP C206 /TB LGT,LGT,,17000.0,37.66268,-117.260225,2009-12-06 21:25:00+00:00,1.0,0,L
T,B737,MIA UUA /OV DHP240030/TM 1627/FL100/TP B737/TB SEV/RM CWSU ZMA,SEV,,10000.0,25.54997974997975,-80.83099383208649,2009-12-05 16:27:00+00:00,5.0,0,M
F,B737,MIA UA /OV MIA090020/TM 1747/FL050/TP B737/TB MOD 050-200/RMZMATMU051752,MOD 050-200,,5000.0,25.78805,-79.94669809605712,2009-12-05 17:47:00+00:00,3.0,0,M
T,A320,POU UUA /OV IGN360020 /TM 2309 /FL340 /TP A320 /TB SEV,SEV,,34000.0,42.003360333360334,-73.82,2009-12-04 23:09:00+00:00,5.0,0,M
T,C550,SRQ UUA /OV RSW285120 /TM 0001 /FL410 /TP C550 /TB SEV /RM ZMATMU030003ZAX,SEV,,41000.0,27.05574001893228,-83.91627233466107,2009-12-03 00:01:00+00:00,5.0,1,L
F,B752,RWF UA /OV RWF230030/TM 1541/FL330/TP B752/TB MOD-LGT CHOP/RM 330-250DURGD,MOD-LGT CHOP,,33000.0,44.2254701622325,-95.61948537288924,2009-12-13 15:41:00+00:00,2.0,0,M
T,BE33,TPH UUA /OV OAL180020/TM 1830/FL125/TP BE33/TB SEV/RM ZOA CWSU,SEV,,12500.0,37.66663966663967,-117.77,2009-12-06 18:30:00+00:00,5.0,0,L
T,PA46,SJT UUA /OV SJT230063/TM 0145/FL270/TP PA46/TB SEV/RM NO DMG OR INJ AWC-WEB:KZHU,SEV,200912240150-KWBC-UBTX90-PIREP,27000.0,30.69501834068826,-101.39212894821075,2009-12-24 01:45:00+00:00,5.0,0,L
F,MD80,BWG UA /OV BWG/TM 1835/FL250/TP MD80/WV 240/81/TB CONT MOD 270-250/RMZME,CONT MOD 270-250,,25000.0,36.96453,-86.41967,2009-12-08 18:35:00+00:00,3.0,1,M
F,SW4,CDB UA /OV CDB 010080/TM 2347/FL190/TP SW4/TB CONT LGT - OCNL MOD/RMCWSU ZAN,CONT LGT - OCNL MOD,,19000.0,56.51318336335997,-162.3142804399809,2009-12-31 23:47:00+00:00,2.0,0,M
F,CRJ2,CLT UA /OV CLT180005 /TM 1445 /FL010 /TP CRJ2 /TB MOD /RM SVR CROSS WNDS DYRD CLT,MOD,,1000.0,35.139209916659915,-80.95431,2009-12-25 14:45:00+00:00,3.0,1,M
T,CRJ1,TTN UUA /OV RBV360010 /TM 1330 /FL080 /TP CRJ1 /TB SEV,SEV,,8000.0,40.36668016668017,-74.5,2009-12-09 13:30:00+00:00,5.0,0,M
T,E190,DOV UUA /OV ENO231025/TM 1746/FL290/TP E190/TB MDT SEV,MDT SEV,,29000.0,38.96776193081146,-75.93806277032493,2009-12-19 17:46:00+00:00,5.0,0,U
F,E170,NEW UA /OV PCU/TM 0058/FL190/TP E170/TB MOD CHOP FL190-250/RM AWC-WEB:KZHU,MOD CHOP FL190-250,,19000.0,30.56,-89.73,2009-12-12 00:58:00+00:00,3.0,0,U
F,B767,ORF UA /OV 39N 040W/TM 1430/FL330/TP B767/TB MDT SEV / SEV/RM AIRCRAFT CLIMBED TO FL340 AND CONDITIONS IMPROVED TO LIGHT CHOP WEST OF 40W,MDT SEV,200912031510-KWBC-UBVA90-PIREP,33000.0,36.89,-76.2,2009-12-03 14:30:00+00:00,5.0,0,H
T,A343,HNL UUA /OV 2600N 17000W/TM 1503/FL380/TP A343/TB SEV/RM ZOA CWSU,SEV,,38000.0,26.0,-170.0,2009-12-31 15:03:00+00:00,5.0,0,H
F,B737,BPT UA /OV BPT180015/TM 2256/FL240/TP B737/TA M33/TB LGT-MOD CHOP FL240-280/IC LGT RIME/RM AWC-WEB:KZHU,LGT-MOD CHOP FL240-280,200912102300-KMSC-UBUS01-PIREP,24000.0,29.69997974997975,-94.02,2009-12-10 22:56:00+00:00,2.0,0,M
F,C182,CLM UA /OV RNT-NOW /TM 1622 /FL015 /TP C182 /WX FV15SM /TB INTMT LGT /RM OCNL -SHRA/ FV15V20SM/ 0S9 OVC011-TOPUNKN,INTMT LGT,,1500.0,47.8172163,-122.814852,2009-12-16 16:22:00+00:00,1.0,0,L
T,B752,PHTO UUA /OV 2616/14307/TM 1519/FL260/TP B752/TB SEV,SEV,,26000.0,19.72026,-155.04847,2009-12-01 15:19:00+00:00,5.0,0,M
F,PA31,UUA /OV YOW 095045 /TM 2335 /FL060 /TP PA31 /TB SEV /IC MDT MXD,SEV,,6000.0,45.257127898222585,-74.60646191999037,2009-12-09 23:35:00+00:00,5.0,0,L
T,GLF4,ACY UUA /OV SIE060025/TM 1427/FL270/TP GLF4/TB SEV,SEV,200912051435-KWBC-UBNJ91-PIREP,27000.0,39.30835020835021,-74.33498509452002,2009-12-05 14:27:00+00:00,5.0,0,M
T,C208,DEC UUA /OV DEC /TM 1329 /FL020 /TP C208 /SK OVC-TOP024 /TA 08 /TB EXTRM BLO 020 /RM 300FT LOSS/500FT GAIN UPDFTS/DWNDFTS,EXTRM BLO 020,,2000.0,39.83456,-88.86569,2009-12-24 13:29:00+00:00,7.0,0,L
F,B737,SUX UA /OV KMEY223013/TM 1539/FL380/TP B737/TA M56/WV 235082KT/TB OCNL LGT/RM MOSTLY SMOOTH AWC-WEB:SWA,OCNL LGT,,38000.0,42.01152719604555,-95.98938884552815,2009-12-02 15:39:00+00:00,1.0,0,M
T,MD88,CMH UUA /OV APE/TM 2315/FL280/TP MD88/TB SEV CAT 280/RM AIRCRAFTDESCENDED TO FL260 FOR BETTER CONDITIONS,SEV CAT 280,,28000.0,40.15,-82.59,2009-12-02 23:15:00+00:00,5.0,0,M
T,737,VRB UUA /OV VRB080090/TM 1434/FL280/TP 737/TB SEV/RM ONE JOLT CWSUZMA,SEV,,28000.0,27.91605336477508,-78.7500599261706,2009-12-05 14:34:00+00:00,5.0,0,M
F,M20P,FAT UA /OV BFL-FAT /TM 2012 /FL045 /TP M20P /TA 10 /TB LGT CHOP /RM SMTH DURC,LGT CHOP,200912232015-KWBC-UBCA90-PIREP,4500.0,36.105,-119.385,2009-12-23 20:12:00+00:00,1.0,0,L
T,B752,HNL UUA /OV 2616N 14307W/TM 1519/FL260/TP B752/TB SEV/RM ZOA CWSU,SEV,,26000.0,26.2666,-143.1166,2009-12-01 15:19:00+00:00,5.0,0,M
F,C441,SIT UA /OV SIT /TM 0410 /FL260 /TP C441 /TB OCNL LGT CHOP,OCNL LGT CHOP,200912210400-KMSC-UBUS01-PIREP,26000.0,56.85,-135.53,2009-12-21 04:10:00+00:00,1.0,0,L
T,C172,RAL UUA /OV RAL /TM 1958 /FL030 /TP C172 /TB SEV 030-040,SEV 030-040,,3000.0,33.95189,-117.44511,2009-12-23 19:58:00+00:00,5.0,0,L
T,BE36,4BL UUA /OV DVC290018 /TM 1726 /FL080 /TP BE36 /TB SEV /RM MTN WAVE,SEV,,8000.0,37.912614354095496,-109.28685250875904,2009-12-05 17:26:00+00:00,5.0,0,L
F,C208,RUT UA /OV PBG158070 /TM 1822 /FL080 /TP C208 /SK TOP080/ SKC /TA M12 /TB NEG /RM SMOOTH RIDE,NEG,,8000.0,43.55637492404354,-72.84811521368903,2009-12-16 18:22:00+00:00,0.0,0,L
T,A333,ORF UUA /OV 36N 45W/TM 2020/FL360/TP A333/TB SEV,SEV,,36000.0,36.90333,-76.19222,2009-12-09 20:20:00+00:00,5.0,0,H
F,B777,PAKN UA /OV AKN255285-AKN091115/TM 0120/FL370/TP B777/TB LIGHT-MOD/RM(ZAN) SMOOTH AT FL340-330,LIGHT-MOD,,37000.0,57.44050995503584,-165.46464523291297,2009-12-04 01:20:00+00:00,3.0,0,H
F,A319,ICT UA /OV ICT 140030/TM 2355/FL290/TP A319/TB MOD FL290-240/RM CWSU ZKC,MOD FL290-240,200912290000-KMSC-UBUS01-PIREP,29000.0,37.36694675360954,-97.17349427583116,2009-12-28 23:55:00+00:00,3.0,0,M
T,B737,PIE UUA /OV 45N PIE/TM 0025/FL155/TP B737/TB SEV BTN 155-160/RM ZJXCWSU,SEV BTN 155-160,,15500.0,28.66006075006075,-82.68742,2009-12-05 00:25:00+00:00,5.0,0,M
F,BE9L,BWG UA /OV BNA360030 /TM 1334 /FL190 /TP BE9L /SK OVC103-TOP113/OVC150-TOP165 /TA M16 /TB NEG /IC LGT RIME 103-113 /RM MULTIPLE CLD LYRS BLW,NEG,,19000.0,36.6189305000405,-86.68917,2009-12-30 13:34:00+00:00,0.0,0,L
F,B738,ANN UA /OV YZT332110/TM 0120/FL360/TP B738/SK UNDERCAST/TA M64/WV 308048KT/TB NEG/RM SMOOTH AWC-WEB:ASA,NEG,200912120110-KWBC-UBAK90-PIREP,36000.0,52.28886837142336,-128.72813606760752,2009-12-12 01:20:00+00:00,0.0,0,M
T,PA32,DLG UUA /OV DLG270035 /TM 2315 /FL055 /TP PA32 /TB SEV /RM LOST 1500 FT,SEV,200912042330-KWBC-UBAK90-PIREP,5500.0,58.99,-159.68236518698035,2009-12-04 23:15:00+00:00,5.0,0,L
T,FA50,MAF UUA /OV MAF090043/TM 2050/FL220/TP FA50/TB SEV 210-220/RM AWC-WEB:KZFW,SEV 210-220,200912012100-KWBC-UBTX91-PIREP,22000.0,32.01,-101.34476149806495,2009-12-01 20:50:00+00:00,5.0,0,M
F,C560,UUA /OV 5236N11535W /TM 1940 /FL410 /TP C560 /TB MDT-SEV /RM VCNTYCYRM,MDT-SEV,,41000.0,52.6,-115.5833,2009-12-18 19:40:00+00:00,5.0,0,M
F,B733,CDC UA /OV BVL 295025/TM 1800/FL250/TP B733/TB CONT LGT OCNL MOD/RMZLC,CONT LGT OCNL MOD,,25000.0,40.90610520577256,-114.25836688251168,2009-12-22 18:00:00+00:00,2.0,0,M
T,H25B,2G4 UUA /OV IHD210010 /TM 1924 /FL060 /TP H25B /TB SEV,SEV,,6000.0,39.82565074134795,-79.46874498991568,2009-12-09 19:24:00+00:00,5.0,1,M
T,B737,RWI UUA /OV TYI/TM 0232/FL170/TP B737/TB SEV,SEV,,17000.0,35.98,-77.7,2009-12-05 02:32:00+00:00,5.0,0,M
T,C500,PEZ UUA /OV SAT180030 /TM 2036 /FL100 /TP C500 /TB SEV /RM SOUTHBOUND,SEV,,10000.0,29.0336494999595,-98.46978,2009-12-16 20:36:00+00:00,5.0,0,L
F,C208,AEG UA /OV ABQ320006 /TM 2232 /FL120 /TP C208 /TB MOD /RM MTN WAVE,MOD,,12000.0,35.11851064927809,-106.6940164599358,2009-12-24 22:32:00+00:00,3.0,0,L
T,E190,JFK UUA /OV JFK145040/TM 0108/FL130/TP E190/TB SEV/RM 130-150,SEV,,13000.0,40.09246440288605,-73.25826792186777,2009-12-10 01:08:00+00:00,5.0,0,U
T,C650,HVN UUA /OV MAD180010 /TM 2241 /FL160 /TP C650 /TB SEV,SEV,200912092250-KWBC-UBCT90-PIREP,16000.0,41.14331983331984,-72.69,2009-12-09 22:41:00+00:00,5.0,0,M
F,B742,SNP UA /OV SNP 360060/TM 2052/FL310/TP B742/TB MOD CHOP AT FL330/ LGT AT 310/RM DURD FL330-310. CWSU ZAN,MOD CHOP AT FL330,200912072100-KMSC-UBUS01-PIREP,31000.0,58.150081000081,-170.23,2009-12-07 20:52:00+00:00,3.0,0,H
T,B763,ORF UUA /OV 3400N 072153W/TM 1945/FL300/TP B763/TB MDT-SEV,MDT-SEV,,30000.0,36.90333,-76.19222,2009-12-22 19:45:00+00:00,5.0,0,H
T,C402,BCT UUA /OV PBI130020 /TM 1714 /FL070 /TP C402 /TB SEV 070-060,SEV 070-060,,7000.0,26.470420108155004,-79.8135899206632,2009-12-18 17:14:00+00:00,5.0,1,L
T,CH20,AJO UUA /OV CNO135007 /TM 2133 /FL035 /TP CH20 /TB SEV-EXTRM /RM 2000 UDDFS,SEV-EXTRM,,3500.0,33.8927775266958,-117.5366229787194,2009-12-23 21:33:00+00:00,6.0,0,L
F,A322,ORF UA /OV 3200N 06000W/TM 1737/FL360/TP A322/TB MDT-SEV,MDT-SEV,,36000.0,32.0,-60.0,2009-12-23 17:37:00+00:00,5.0,0,L
F,PA34,UUA /OV CYBW 240010 /TM 2126 /FL070 /TP PA34 /TB MDT-SEV BLO 070,MDT-SEV BLO 070,,7000.0,51.01971991665992,-114.60432424547756,2009-12-15 21:26:00+00:00,5.0,0,L
F,C680,MVN UA /OV OTK/TM 1832/FL270/TP C680/TB SEV/RM ZJX CWSU,SEV,200912211845-KWBC-UBIL90-PIREP,27000.0,30.78,-83.28,2009-12-21 18:32:00+00:00,5.0,0,U
F,B738,GBD UA /OV GBD/TM 1221/FL360/TP B738/TB MOD CHOP/RM CWSU ZKC,MOD CHOP,,36000.0,38.34425,-98.85919,2009-12-29 12:21:00+00:00,3.0,0,M
F,LEARJET,SNS UA /OV SNS180020/TM 1735/FL240/TP LEARJET/TA M24/TB MOD 200-240/IC MOD MX 200-240/RM ZOA CWSU,MOD 200-240,200912121745-KWBC-UBCA90-PIREP,24000.0,36.326639666639664,-121.6,2009-12-12 17:35:00+00:00,3.0,0,U
T,BE58,SWW UUA /OV SWW180005 /TM 2350 /FL070 /TP BE58 /TB SEV /RM 1500 FPM UDDF,SEV,,7000.0,32.38401991665992,-100.46656,2009-12-24 23:50:00+00:00,5.0,0,L
F,BE55,2G4 UA /OV IHD200020 /TM 1658 /FL130 /TP BE55 /SK OVC-TOP140 /TA M10 /TB OCNL LGT /IC NEG,OCNL LGT,,13000.0,39.656743754678565,-79.50877190814764,2009-12-07 16:58:00+00:00,1.0,0,L
F,MD81,SLN UA /OV SLN /TM 1807 /FL330 /TP MD81 /TB LGT-MOD,LGT-MOD,,33000.0,38.79097,-97.65217,2009-12-24 18:07:00+00:00,2.0,0,M
F,BE30,CDS UA /OV E34 /TM 1946 /FL270 /TP BE30 /TA M22 /TB NEG /IC NEG /RM IC,NEG,,27000.0,34.91,-100.86,2009-12-07 19:46:00+00:00,0.0,0,L
F,E170,JAN UA /OV KHOU/KATL/TM 1815/FL350/TP E170/TB INTMT SEV 350/RM TCF9444..SEV TURBC 50SW-JAN AWC-WEB:FRO,INTMT SEV 350,,35000.0,29.63747,-95.28245,2009-12-14 18:15:00+00:00,5.0,1,U
F,C172,PBI UA /OV F45-DAB /TM 1700 /FL045 /TP C172 /SK SCT250 /WX FV10SM /TB INTMT LGT 040-020 /RM INTMT LGT TURBC 040-020 TIX-DAB,INTMT LGT 040-020,,4500.0,28.01291835,-80.64019665000001,2009-12-20 17:00:00+00:00,1.0,0,L
T,BE58,PWT UUA /OV SEA300025 /TM 1905 /FL100 /TP BE58 /TB SEV,SEV,,10000.0,47.65304020835021,-122.84796793536924,2009-12-06 19:05:00+00:00,5.0,0,L
F,A320,ORL UA /OV LAL120015 /TM 1515 /FL210 /TP A320 /TB MOD,MOD,200912211535-KWBC-UBFL90-PIREP,21000.0,27.864989874989877,-81.76479428076999,2009-12-21 15:15:00+00:00,3.0,0,M
T,C182,PSP UUA /OV BNG /TM 0023 /FL100 /TP C182 /TB SEV /RM UNABLE TO MAINTAIN ALTITUDE,SEV,,10000.0,33.92,-116.85,2009-12-24 00:23:00+00:00,5.0,0,L
T,B744,CDV UUA /OV JOH 052160/TM 2320/FL360/TP B744/TB SEV/RM TB SMOOTHEDOUT FL350 (CWSU ZAN),SEV,,36000.0,62.121896917213405,-142.33489830398432,2009-12-17 23:20:00+00:00,5.0,0,H
T,C750,BIH UUA /OV BIH 180015/TM 1937/FL340/TP C750/TB MDT-SEV 340-320/RMZOA CWSU,MDT-SEV 340-320,,34000.0,37.12308974997975,-118.36361,2009-12-20 19:37:00+00:00,5.0,0,M
F,A321,AKO UA /OV ADO120025/TM 1837/FL270/TP A321/TB MOD/RM FM ZDV,MOD,200912241855-KWBC-UBCO90-PIREP,27000.0,37.97164979164979,-85.27091632772836,2009-12-24 18:37:00+00:00,3.0,0,M
F,E120,ANC UA /OV ANC-ANC315025 /TM 0003 /FL120 /TP E120 /TB LGT-MOD025-100 /IC LGT RIME 080-100 /RM DURC,LGT-MOD025-100,,12000.0,61.17,-149.99,2009-12-24 00:03:00+00:00,1.0,0,M
F,BE35,LLQ UA /OV GLH270060 /TM 1655 /FL060 /TP BE35 /SK OVC-TOP040/OVC100 /TA 11 /WV 06006KT /TB NEG /RM CLR SW-NE HIER LYR THN,NEG,,6000.0,33.48288,-92.18467499150252,2009-12-15 16:55:00+00:00,0.0,0,L
T,C650,VLD UUA /OV VLD /TM 1828 /FL250 /TP C650 /TB SEV,SEV,200912211835-KWBC-UBGA90-PIREP,25000.0,30.78,-83.28,2009-12-21 18:28:00+00:00,5.0,0,M
T,CRJ9,GWO UUA /OV UJM160040/TM 1833/FL180/TP CRJ9/TB SEV 155-FL180/RM ZME,SEV 155-FL180,,18000.0,33.953487509357124,-90.39303858421664,2009-12-08 18:33:00+00:00,5.0,1,U
T,CRJ2,AVL UUA /OV AVL320005 /TM 1954 /FL060 /TP CRJ2 /TB SEV 060-080,SEV 060-080,200912092000-KWBC-UBNC91-PIREP,6000.0,35.493842207731745,-82.6157441955962,2009-12-09 19:54:00+00:00,5.0,0,M
F,B737,CHS UA /OV KCHS/TM 1444/FL400/TP B737/TB LGT 400/RM 60N OF CHS OCC MOD CHOP AWC-WEB:SWA,LGT 400,,40000.0,32.8986,-80.0405,2009-12-03 14:44:00+00:00,1.0,0,M
F,C150,UUA /OV CYBW /TM 2126 /FL005 /TP C150 /TB SEV /RM SEV 005 AND BLOON FNL CYBW,SEV,,500.0,51.10306,-114.37444,2009-12-15 21:26:00+00:00,5.0,0,L
T,E170,PHL UUA /OV PHL270005 /TM 1314 /FL018 /TP E170 /TB SEV,SEV,,1800.0,39.86833,-75.33969365581953,2009-12-09 13:14:00+00:00,5.0,0,U
F,A332,ORF UA /OV 3000N 05000W/TM 0256/FL410/TP A332/TB SEV,SEV,200912160325-KWBC-UBVA90-PIREP,41000.0,30.0,-50.0,2009-12-16 02:56:00+00:00,5.0,0,H
T,E145,PSP UUA /OV PSP360005 /TM 1935 /FL050 /TP E145 /TB SEV,SEV,200912301940-KWBC-UBCA91-PIREP,5000.0,33.95334008334008,-116.43,2009-12-30 19:35:00+00:00,5.0,0,M
F,P28A,MLB UA /OV MLB /TM 0317 /FL055 /TP P28A /TB NEG /RM SMOOTH MLB-LAL MLB-DAB,NEG,,5500.0,28.10275,-80.64526,2009-12-20 03:17:00+00:00,0.0,0,L
F,B757,MFE UA /OV LRD135050/TM 0230/FL330/TP B757/TB LGT-MOD CHOP/RM AWC-WEB:KZHU,LGT-MOD CHOP,200912170240-KWBC-UBTX90-PIREP,33000.0,26.890696619255756,-98.75575066904491,2009-12-17 02:30:00+00:00,2.0,0,M
F,DHC2,TIW UA /OV SEA230015 /TM 1650 /FL015 /TP DHC2 /TB NEG /RM GROUND SPEED 92KT WBND TO OLM NEG WIND,NEG,,1500.0,47.283980081116255,-122.59756705043048,2009-12-15 16:50:00+00:00,0.0,0,L
T,CRJ1,HTS UUA /OV ECB/TM 2216/FL330/TP CRJ1/TA M41/TB SEV/RM 330-300,SEV,,33000.0,38.16,-82.91,2009-12-08 22:16:00+00:00,5.0,0,M
T,E170,ELD UUA /OV ELD/TM 1714/FL340/TP E170/TB SEV/RM 4000 FPM UPDRAFT AWC-WEB:KZFW,SEV,,34000.0,33.22097,-92.81328,2009-12-09 17:14:00+00:00,5.0,0,U
F,PA31,UUA /OV CYRI 300030 /TM 1900 /FL020 /TP PA31 /TB MDT OCNL SEV /RMON THE NORTH SHORE OF THE RIVER NEAR MOUNTAINS,MDT OCNL SEV,,2000.0,48.01002025002025,-70.2241885620354,2009-12-17 19:00:00+00:00,5.0,0,L
F,B744,ORT UA /OV ORT060080/TM 1554/FL380/TP B744/TB SEV/RM (CWSU ZAN),SEV,,38000.0,63.626720666720665,-139.37982732616376,2009-12-17 15:54:00+00:00,5.0,0,H
T,BE99,WHP UUA /OV WHP /TM 1906 /FL040 /TP BE99 /TB SEV,SEV,,4000.0,34.25933,-118.41343,2009-12-22 19:06:00+00:00,5.0,0,L
F,BE9L,BLH UA /OV BXK270100 /TM 2028 /FL200 /TP BE9L /TB NEG,NEG,200912302035-KWBC-UBCA90-PIREP,20000.0,33.45,-114.8176836888751,2009-12-30 20:28:00+00:00,0.0,0,L
T,B747,CDB UUA /OV 56N  160W/TM 1527/FL370/TP B747/TB SEV/RM (CWSU ZAN,SEV,200912071540-KWBC-UBAK90-PIREP,37000.0,55.27,-162.77,2009-12-07 15:27:00+00:00,5.0,0,H
F,C550,PRC UA /OV PXR003036/TM 1716/FL115/TP C550/TB OCNL LGT /IC NEGATIVEICE/RM 115B130 ZAB,OCNL LGT,,11500.0,34.02922625429667,-111.93237042822456,2009-12-29 17:16:00+00:00,1.0,0,L
T,E145,TCL UUA /OV 20W LDK/TM 2128/FL320/TP E145/TB SEV/RM ZME,SEV,,32000.0,33.26,-87.93866556022215,2009-12-29 21:28:00+00:00,5.0,0,M
F,C208,MKK UA /OV CKH093014 /TM 1745 /FL035 /TP C208 /SK SCT025-TOP045 /WX FV10SM /TB NEG,NEG,,3500.0,21.257787287726085,-157.44993335225624,2009-12-09 17:45:00+00:00,0.0,0,L
T,C414,HKY UUA /OV CLT320030 /TM 1248 /FL070 /TP C414 /TB SEV,SEV,200912101305-KWBC-UBNC91-PIREP,7000.0,35.57305324639046,-81.34329655628949,2009-12-10 12:48:00+00:00,5.0,0,L
F,MD80,MCB UA /OV MCB230020/TM 0042/FL260/TP MD80/TB LGT/RM AWC-WEB:KZHU,LGT,,26000.0,30.965720108155004,-90.76848672004712,2009-12-12 00:42:00+00:00,1.0,0,M
F,C182,SGU UA /OV VGT090084 /TM 1732 /FL095 /TP C182 /TB NEG,NEG,,9500.0,36.21069,-113.45915684060998,2009-12-06 17:32:00+00:00,0.0,0,L
F,C182,ENA UA /OV HOM-ENA090025 /TM 2005 /FL045 /TP C182 /TB MOD,MOD,,4500.0,60.57,-151.24,2009-12-05 20:05:00+00:00,3.0,0,L
F,B752,MGJ UA /OV SWF319012 /TM 1521 /FL110 /TP B752 /TB MOD CHOP 130-110,MOD CHOP 130-110,,11000.0,41.655064142351975,-74.28004831944472,2009-12-09 15:21:00+00:00,3.0,0,M
F,B777,HNL UA /OV 4300N 15200W/TM 1930/FL350/TP B777/TB MOD/RM ZOA CWSU,MOD,,35000.0,43.0,-152.0,2009-12-03 19:30:00+00:00,3.0,0,H
F,UNKN,BIH UA /OV BIH147049/TM 1808/FL360/TP UNKN/TB LGT-MOD CHOP 350-360/RM NUMEROUS ACFT. OV O26. COR LOCTN. ZLA CWSU,LGT-MOD CHOP 350-360,200912301820-KWBC-UBCA90-PIREP,36000.0,36.69503022473103,-117.8102092997623,2009-12-30 18:08:00+00:00,2.0,0,U
F,BE33,MYV UA /OV BDN-ILA /TM 2343 /FL115 /TP BE33 /SK SKC /WX FV99SM /WV 36010KT /TB NEG,NEG,,11500.0,41.5822778,-121.6151111,2009-12-24 23:43:00+00:00,0.0,0,L
F,CRJ9,ATL UA /OV ATL150030/TM 1757/FL120/TP CRJ9/TB MOD 120-155/RM CWSU ZTL,MOD 120-155,,12000.0,33.19705222404385,-84.14152241155314,2009-12-15 17:57:00+00:00,3.0,0,U
F,C402,MHS UA /OV FJS/TM 0200/FL100/TP C402/TB MOD/RM ZOA CWSU,MOD,,10000.0,41.45,-122.81,2009-12-16 02:00:00+00:00,3.0,0,L
T,A319,RDU UUA /OV SDZ320020/TM 0113/FL210/TP A319/TB SEV/RM MERIL DEPT OUT OF CLT,SEV,200912050200-KMSC-UBUS01-PIREP,21000.0,35.475368830926975,-79.85229458493345,2009-12-05 01:13:00+00:00,5.0,0,M
F,PA18,OTZ UA /OV OTZ360025 /TM 0120 /FL018 /TP PA18 /WV 36050KIT /TBMDT-SEV,MDT-SEV,,1800.0,67.29670041670042,-162.59,2009-12-14 01:20:00+00:00,5.0,0,L
T,B772,BOS UUA /OV 4023N 5852W/TM 0230/FL380/TP B772/TB SEV,SEV,200912290250-KWBC-UBMA90-PIREP,38000.0,40.3833,-58.8666,2009-12-29 02:30:00+00:00,5.0,0,H
F,B752,ATL UA /OV ATL /TM 1908 /FL090 /TP B752 /TB MOD 090-100 /RM NMRS LGT-MOD CHOP IN ATL TRACON 070-140,MOD 090-100,200912021915-KWBC-UBGA90-PIREP,9000.0,33.63,-84.44,2009-12-02 19:08:00+00:00,3.0,0,M
T,CRJ9,EKN UUA /OV ESL/TM 1725/FL270/TP CRJ9/TB MDT SEV/RM MOD TO SEV TURBFL270 THRU FL240,MDT SEV,,27000.0,39.23,-78.99,2009-12-05 17:25:00+00:00,5.0,0,U
T,GLF5,BED UUA /OV BED /TM 2059 /FL025 /TP GLF5 /TB SEV /RM FA RWY 11,SEV,,2500.0,42.46995,-71.28903,2009-12-09 20:59:00+00:00,5.0,0,M
F,C421,MLF UA /OV MLF 090025/TM 0235/FL190/TP C421/TB LGT-MOD CHOP/RM ZLC,LGT-MOD CHOP,200912070250-KWBC-UBUT90-PIREP,19000.0,38.36,-112.47858038950518,2009-12-07 02:35:00+00:00,2.0,0,L
F,B737,ENV UA /OV LCU/TM 1524/FL370/TP B737/WV 26582KT/TB NEG/RM SMTH AWC-WEB:SWA,NEG,,37000.0,41.36,-113.84,2009-12-21 15:24:00+00:00,0.0,0,M
T,BE36,ALM UUA /OV PIO293015 /TM 2153 /FL100 /TP BE36 /TB SEV,SEV,,10000.0,32.627690694435586,-105.58297132448564,2009-12-30 21:53:00+00:00,5.0,0,L
F,C25B,MIA UA /OV ZBV200025/TM 1249/FL190/TP C25B/TB MOD TURB 190-210/RMCWSU ZMA.,MOD TURB 190-210,,19000.0,25.278429693348208,-79.45812638397855,2009-12-11 12:49:00+00:00,3.0,0,U
T,CRJ7,GAG UUA /OV GAG 360020/TM 0044/FL380/TP CRJ7/TB SEV/RM CWSU ZKC,SEV,200912160055-KWBC-UBOK91-PIREP,38000.0,36.628900333360335,-99.77642,2009-12-16 00:44:00+00:00,5.0,0,M
T,B744,ORF UUA /OV 37N 60W/TM 1930/FL370/TP B744/TB SEV,SEV,200912311900-KMSC-UBUS01-PIREP,37000.0,36.89,-76.2,2009-12-31 19:30:00+00:00,5.0,0,H
F,B772,40B UA /OV PQI265060 /TM 0115 /FL350 /TP B772 /TB LGT CHOP,LGT CHOP,,35000.0,46.60180719763012,-69.49719446907629,2009-12-30 01:15:00+00:00,1.0,0,H
T,A320,ORF UUA /OV 394924N 0724949W/TM 1315/FL200/TP A320/TB SEV,SEV,,20000.0,36.90333,-76.19222,2009-12-05 13:15:00+00:00,5.0,0,M
F,C150,AFE UA /OV AFE250040 /TM 2135 /FL065 /TP C150 /SK BKN030 /TB NEG/RM OVR FREDERICK SOUND,NEG,,6500.0,56.731968102010015,-135.05909106265622,2009-12-13 21:35:00+00:00,0.0,0,L
T,P180,SBA UUA /OV SBA /TM 1815 /FL015 /TP P180 /TB SEV,SEV,200912221835-KWBC-UBCA91-PIREP,1500.0,34.43,-119.83,2009-12-22 18:15:00+00:00,5.0,0,L
F,B737,ISO UA /OV ISO/TM 1950/FL360/TP B737/TB CONT LGT-MOD CHOP 360-400,CONT LGT-MOD CHOP 360-400,200912152015-KWBC-UBNC90-PIREP,36000.0,35.37,-77.56,2009-12-15 19:50:00+00:00,2.0,0,M
T,CRJ2,STL UUA /OV STL/TM 2247/FL270/TP CRJ2/TB SEV/RM CWSU ZKC,SEV,200912152255-KWBC-UBMO91-PIREP,27000.0,38.86,-90.48,2009-12-15 22:47:00+00:00,5.0,0,M
F,DH8A,ADQ UA /OV ODK360005 /TM 0054 /FL069 /TP DH8A /SK BKN017-TOP050/TA M04 AT 050 /TB OCNL LGT SFC-060,OCNL LGT SFC-060,,6900.0,57.83334008334008,-152.5,2009-12-05 00:54:00+00:00,1.0,0,M
T,FA10,HRO UUA /OV 27S HRO/TM 2347/FL280/TP FA10/TB SEV/RM PILOT RPTD 1000FT UPDFTS/ZME,SEV,,28000.0,35.81148354996355,-93.15473,2009-12-15 23:47:00+00:00,5.0,0,M
F,E145,BKW UA /OV BKW240040/TM 1905/FL280/TP E145/TB MOD CHOP,MOD CHOP,200912041900-KMSC-UBUS01-PIREP,28000.0,37.44663966663967,-81.85054117883516,2009-12-04 19:05:00+00:00,3.0,0,M
F,PC12,ACT UA /OV ACT045017/TM 2338/FL210/TP PC12/TB LGT-MOD/RM AWC-WEB:KZFW,LGT-MOD,,21000.0,31.818333149453043,-96.99301117819832,2009-12-01 23:38:00+00:00,2.0,0,L
T,P28A,FVX UUA /OV LYH045025 /TM 0405 /FL040 /TP P28A /TB SEV,SEV,,4000.0,37.615451690372126,-78.83618705844194,2009-12-11 04:05:00+00:00,5.0,0,L
F,BE20,UA /OV CYPE 115025 /TM 2150 /FL090 /TP BE20 /TBLGT 0CNL MDT BLO 120 OCNL LGT 090-050,LGT 0CNL MDT BLO 120 OCNL LGT 090-050,,9000.0,56.05083479422744,-116.7678612127342,2009-12-10 21:50:00+00:00,1.0,0,M
T,A320,JFK UUA /OV JFK /TM 1403 /FL045 /TP A320 /TB SEV 000-045 /RM DURC,SEV 000-045,,4500.0,40.63861,-73.76222,2009-12-09 14:03:00+00:00,5.0,0,M
T,CRJ2,MOB UUA /OV GCV/TM 0000/FL340/TP CRJ2/TB SEV/RM AWC-WEB:KZHU,SEV,,34000.0,31.1,-88.49,2009-12-15 00:00:00+00:00,5.0,1,M
T,G2,CHS UUA /OV 40NE CHS/TM 2025/FL340/TP G2/TB SEV TURB/RM NO DAMAGE/NOINJURIES REPORTED.,SEV TURB,,34000.0,33.3700427045954,-79.47901346013033,2009-12-25 20:25:00+00:00,5.0,1,M
F,BE35,MMH UA /OV VIS-FRA050020 /TM 1912 /FL115 /TP BE35 /SK OVCUNKN-TOP008 /TB NEG /RM SCT CI ABV,NEG,,11500.0,37.62406,-118.83875,2009-12-16 19:12:00+00:00,0.0,0,L
T,B752,FNL UUA /OV DEN315042 /TM 1545 /FL200 /TP B752 /TB SEV /RM ALL TYPE ACFT,SEV,200912091550-KWBC-UBCO90-PIREP,20000.0,40.30501483982517,-105.30440642729972,2009-12-09 15:45:00+00:00,5.0,0,M
F,B757,OLU UA /OV OLU/TM 1558/FL380/TP B757/TB CONT LGT-OCNL MOD CHOP,CONT LGT-OCNL MOD CHOP,,38000.0,41.448,-97.34264,2009-12-29 15:58:00+00:00,2.0,0,M
F,E145,LCH UA /OV LCH/TM 2245/FL210/TP E145/TB MOD/RM AWC-WEB:KZHU,MOD,200912242315-KWBC-UBLA90-PIREP,21000.0,30.14,-93.11,2009-12-24 22:45:00+00:00,3.0,0,M
F,C172,LHX UA /OV PUB-LHX /TM 2319 /FL095 /TP C172 /TB NEG 065-095 /RM PPSN PUB090025,NEG 065-095,200912162325-KWBC-UBCO90-PIREP,9500.0,38.17,-104.025,2009-12-16 23:19:00+00:00,0.0,0,L
T,LJ31,PBI UUA /OV PBI110006 /TM 2320 /FL015 /TP LJ31 /TB SEV,SEV,200912102335-KWBC-UBFL90-PIREP,1500.0,26.6457952153015,-79.98482494661052,2009-12-10 23:20:00+00:00,5.0,0,M
T,C310,RIC UUA /OV SFQ/TM 1657/FL060/TP C310/TB MDT SEV/RM MDT SEVERE,MDT SEV,,6000.0,36.68235,-76.60187,2009-12-19 16:57:00+00:00,5.0,0,L
T,MD81,POC UUA /OV POM270005 /TM 1942 /FL060 /TP MD81 /TB SEV,SEV,,6000.0,34.08,-117.89062116657192,2009-12-22 19:42:00+00:00,5.0,0,M
T,B757,ILG UUA /OV DQO/TM 2250/FL170/TP B757/TB SEV CHOP,SEV CHOP,200912262310-KWBC-UBDE90-PIREP,17000.0,39.68,-75.61,2009-12-26 22:50:00+00:00,5.0,0,M
F,PA46,PMD UA /OV PMD140013 /TM 0035 /FL125 /TP PA46 /SK SKC /WX FV99SM /TA 00 /WV 27015KT /TB NEG,NEG,,12500.0,34.46340025989747,-117.91528126471088,2009-12-18 00:35:00+00:00,0.0,0,L
F,B757,JFK UA /OV JFK/TM 1453/FL240/TP B757/TB MOD/RM 240-270 RPTD BYSEVERAL LARGE JETS,MOD,,24000.0,40.63861,-73.76222,2009-12-27 14:53:00+00:00,3.0,0,M
F,B733,BYI UA /OV BYI/TM 2016/FL360/TP B733/TB OCNL MOD CHOP/ZLC,OCNL MOD CHOP,200912262055-KWBC-UBID90-PIREP,36000.0,42.58,-113.87,2009-12-26 20:16:00+00:00,3.0,0,M
F,B738,ITO UA /OV CIVIT/TM 0013/FL350/TP B738/SK SKC/TA M47/WV 228113KT/TB NEG/RM PHOG-KOAK AWC-WEB:ASA,NEG,200912190025-KWBC-UBHI90-PIREP,35000.0,19.72,-155.01,2009-12-19 00:13:00+00:00,0.0,0,M
F,MD88,HST UA /OV ZIN330065 /TM 2024 /FL340 /TP MD88 /TB LGT-MOD,LGT-MOD,200912192045-KWBC-UBFL90-PIREP,34000.0,21.768270181238314,-74.24959296096205,2009-12-19 20:24:00+00:00,2.0,0,M
F,B737,PRB UA /OV ROM/TM 2026/FL290/TP B737/TB MOD/RM ZOA CWSU,MOD,200912112000-KMSC-UBUS01-PIREP,29000.0,36.14,-120.66,2009-12-11 20:26:00+00:00,3.0,0,M
T,GLF4,BDL UUA /OV BDL135005 /TM 1600 /FL080 /TP GLF4 /TB SEV INTMT /RM TRIPPED OFF AUTO PILOT ROLLED WING 20 DEGR,SEV INTMT,,8000.0,41.87916966192557,-72.60327842560685,2009-12-11 16:00:00+00:00,5.0,0,M
F,B747,MCG UA /OV MCG271067/TM 1527/FL340/TP B747/TB CONT. LGT OCL MOD/RMZAN,CONT. LGT OCL MOD,,34000.0,62.96949009909338,-158.0552900206278,2009-12-21 15:27:00+00:00,2.0,0,H
T,C172,CNO UUA /OV CNO090003 /TM 2000 /FL030 /TP C172 /TB SEV,SEV,,3000.0,33.97528,-117.57581175938208,2009-12-23 20:00:00+00:00,5.0,0,L
F,E190,ELO UA /OV ELO/TM 2119/FL380/TP E190/TB CONT MOD,CONT MOD,,38000.0,47.82873049,-91.83706672,2009-12-25 21:19:00+00:00,3.0,0,U
T,BE9L,TUL UUA /OV TUL 030040/TM 1717/FL100/TP BE9L/TB SEV/RM CWSU ZKC,SEV,,10000.0,36.7757870346082,-95.47501226427998,2009-12-23 17:17:00+00:00,5.0,1,L
T,MD81,DEN UUA /OV DEN /TM 1759 /FL170 /TP MD81 /TB SEV /RM 5 S TOMSN INT,SEV,200912121800-KMSC-UBUS01-PIREP,17000.0,39.81,-104.66,2009-12-12 17:59:00+00:00,5.0,0,M
F,SR22,1H2 UA /OV 1H2270025 /TM 1701 /FL060 /TP SR22 /SK TOP040/ SKC /WX FV99SM /TA M00 /WV 33818KT /TB NEG /IC NEG,NEG,,6000.0,39.07045,-89.07024807189332,2009-12-21 17:01:00+00:00,0.0,0,L
T,B735,EVV UUA /OV OWB/TM 0252/FL270/TP B735/TB SEV MOD-SEV/RM MOD TO SEVTURB FL270-FL310,SEV MOD-SEV,,27000.0,37.73883,-87.16683,2009-12-03 02:52:00+00:00,4.0,0,M
F,B737,AKN UA /OV AKN/TM 0002/FL280/TP B737/TB LGT CHOP/RM CWSU ZAN,LGT CHOP,200912070020-KWBC-UBAK90-PIREP,28000.0,58.72,-156.75,2009-12-07 00:02:00+00:00,1.0,0,M
F,P180,ORL UA /OV ORL180020/TM 1955/FL290/TP P180/TB MOD/RM CWSU ZMA.,MOD,,29000.0,28.212099666639663,-81.33294,2009-12-22 19:55:00+00:00,3.0,0,L
F,B739,RNO UA /OV MVA 060080/TM 0118/FL350/TP B739/TB MOD CHOP/RM ZLC,MOD CHOP,,35000.0,39.23672066672066,-116.552992314282,2009-12-07 01:18:00+00:00,3.0,0,M
F,BE36,ACT UA /OV ACT /TM 1811 /FL050 /TP BE36 /TA 10 /WV 15316KT /TB NEG,NEG,,5000.0,31.61797,-97.2283,2009-12-17 18:11:00+00:00,0.0,0,L
F,B190,FAI UA /OV PAGA-FAI/TM 0158/FL150/TP B190/TB LGT-MOD/RM (CWSU ZAN),LGT-MOD,200912010200-KMSC-UBUS01-PIREP,15000.0,64.76809,-152.47370999999998,2009-12-01 01:58:00+00:00,2.0,0,M
F,PA32,POU UA /OV PWL045012 /TM 1321 /FL035 /TP PA32 /SK SKC /TA M09 /TB OCNL LGT CHOP,OCNL LGT CHOP,,3500.0,41.911432811378624,-73.41036726892074,2009-12-21 13:21:00+00:00,1.0,0,L
F,B738,VIS UA /OV KFAT130040/TM 1900/FL360/TP B738/TB OCNL MOD CHOP 360/RM AWC-WEB:ASA,OCNL MOD CHOP 360,200912231910-KWBC-UBCA90-PIREP,36000.0,36.35144021631001,-119.08232752329266,2009-12-23 19:00:00+00:00,3.0,0,M
F,A330,UA /OV YZP 270070 /TM 1750 /FL390 /TP A330 /SK CLR /TA -67 /WV276084 /TB LGT CHOP,LGT CHOP,,39000.0,53.25417,-133.76412720848668,2009-12-19 17:50:00+00:00,1.0,0,L
F,CRJ7,RDM UA /OV DSD300030/TM 1514/FL270/TP CRJ7/TB MOD 270-290/RM ..ZSE,MOD 270-290,,27000.0,44.50002025002025,-121.90456038117912,2009-12-06 15:14:00+00:00,3.0,0,M
T,C580,SMQ UUA /OV BWZ/TM 2127/FL160/TP C580/TB SEV,SEV,200912092100-KMSC-UBUS01-PIREP,16000.0,40.8,-74.82,2009-12-09 21:27:00+00:00,5.0,0,U
T,C550,PBI UUA /OV ZFP /TM 1855 /FL120 /TP C550 /TB SEV,SEV,,12000.0,26.5,-78.78,2009-12-18 18:55:00+00:00,5.0,1,L
F,A320,IRK UA /OV MCM/TM 0248/FL390/TP A320/TB LGT/RM CWSU ZKC.,LGT,,39000.0,39.65,-92.48,2009-12-01 02:48:00+00:00,1.0,0,M
F,E170,LSV UA /OV BLD020015/TM 2050/FL330/TP E170/SK SKC/TB MOD 315-345/RM ZLA CWSU,MOD 315-345,200912202110-KWBC-UBNV90-PIREP,33000.0,36.23494218399108,-114.75430140239229,2009-12-20 20:50:00+00:00,3.0,0,U
F,B738,ADQ UA /OV PADQ313052/TM 1938/FL300/TP B738/TB CONT MOD/RM FL340 OCNL MOD AWC-WEB:ASA,CONT MOD,200912211945-KWBC-UBAK90-PIREP,30000.0,58.341083121720246,-153.68177875197324,2009-12-21 19:38:00+00:00,3.0,0,M
F,B737,TPH UA /OV OAL/TM 1823/FL380/TP B737/TB LGT-MOD,LGT-MOD,200912301910-KWBC-UBNV90-PIREP,38000.0,38.0,-117.77,2009-12-30 18:23:00+00:00,2.0,0,M
T,CRJ2,DYR UUA /OV 15E UCY/TM 0100/FL230/TP CRJ2/TB EXTRM/RM ZME,EXTRM,,23000.0,36.3797,-88.67515595700738,2009-12-16 01:00:00+00:00,7.0,0,M
F,BE9L,OBE UA /OV VRB270040 /TM 1419 /FL100 /TP BE9L /SK BKN-TOP090 /TB NEG,NEG,,10000.0,27.65556,-81.17065547217793,2009-12-04 14:19:00+00:00,0.0,0,L
T,C208,DEC UUA /OV DEC /TM 1337 /FL020 /TP C208 /TB SEV /RM ILS RY6,SEV,200912241345-KWBC-UBIL90-PIREP,2000.0,39.74,-88.86,2009-12-24 13:37:00+00:00,5.0,0,L
F,B738,SHR UA /OV BIL090070/TM 0217/FL380/TP B738/TB NEG/RM SMOOTH AWC-WEB:ASA,NEG,,38000.0,45.8069,-106.86841329102502,2009-12-10 02:17:00+00:00,0.0,0,M
F,TBM7,IKK UA /OV JOT180038 /TM 1333 /FL220 /TP TBM7 /TA M27 /TB NEG /IC LGT RIME BLO 080 /RM IMC,NEG,,22000.0,40.884305366615365,-88.17561,2009-12-08 13:33:00+00:00,0.0,0,L
F,B744,ORT UA /OV ORT060080/TM 1554/FL380/TP B744/TB SEV/RM (CWSU ZAN,SEV,200912171605-KWBC-UBAK90-PIREP,38000.0,63.61672066672067,-139.37069560206217,2009-12-17 15:54:00+00:00,5.0,0,H
F,B737,DMA UA /OV SSO270050/TM 1840/FL330/TP B737/TB LGT CHOP/RM VERY LGT CHOP AWC-WEB:SWA,LGT CHOP,,33000.0,32.27,-110.24564154435228,2009-12-15 18:40:00+00:00,1.0,0,M
T,SR22,RIC UUA /OV FAK260015/TM 1841/FL060/TP SR22/TB SEV,SEV,,6000.0,37.48658443920415,-78.14048067309102,2009-12-13 18:41:00+00:00,5.0,0,L
T,PA31,RNO UUA /OV RTS /TM 2309 /FL090 /TP PA31 /TB SEV 090-100,SEV 090-100,,9000.0,39.6682,-119.8764,2009-12-21 23:09:00+00:00,5.0,0,L
T,C560,BED UUA /OV BED /TM 2212 /FL020 /TP C560 /TB EXTRM 020-001 /RM LLWS +12KT 005-001,EXTRM 020-001,,2000.0,42.46995,-71.28903,2009-12-29 22:12:00+00:00,7.0,0,M
T,C208,DEC UUA /OV DEC /TM 1329 /FL020 /TP C208 /SK OVC-TOP024 /TA 08 /TB EXTRM BLO 020 /RM 300FT LOST 500FT GAIN/UPDFTS/DWNDFTS,EXTRM BLO 020,,2000.0,39.83456,-88.86569,2009-12-24 13:29:00+00:00,7.0,0,L
T,C550,LUK UUA /OV CVG090030 /TM 2249 /FL060 /TP C550 /SK OVC044-TOP060 /TB SEV,SEV,200912092305-KWBC-UBOH90-PIREP,6000.0,39.02,-84.05638613501817,2009-12-09 22:49:00+00:00,5.0,0,L
T,A310,ORF UUA /OV 3310N 07200W/TM 1445/FL350/TP A310/TB SEV,SEV,200912101500-KMSC-UBUS01-PIREP,35000.0,33.1666,-72.0,2009-12-10 14:45:00+00:00,5.0,0,H
F,B757,LAX UA /OV LAX270170/TM 0200/FL330/TP B757/TB MOD/RM AWC-WEB:KZLA,MOD,200912040215-KWBC-UBCA90-PIREP,33000.0,33.93,-121.84508263848298,2009-12-04 02:00:00+00:00,3.0,0,M
T,C172,IYK UUA /OV IYK360010 /TM 2128 /FL095 /TP C172 /TB SEV /RM 500 UDDFS,SEV,,9500.0,35.82542016668017,-117.82953,2009-12-23 21:28:00+00:00,5.0,0,L
F,B737,JAN UA /OV JAN/TM 2236/FL340/TP B737/TB MOD/RM ZME,MOD,,34000.0,32.32,-90.08,2009-12-20 22:36:00+00:00,3.0,0,M
F,CRJ9,AOO UA /OV IHD280020/TM 0211/FL340/TP CRJ9/TB CONT MOD CHOP,CONT MOD CHOP,,34000.0,40.02788741439446,-79.7883716366808,2009-12-01 02:11:00+00:00,3.0,0,U
T,PA24,HWV UUA /OV CCC /TM 2245 /FL060 /TP PA24 /TB SEV,SEV,,6000.0,40.93,-72.8,2009-12-11 22:45:00+00:00,5.0,0,L
F,B739,YAK UA /OV YAK255066/TM 0540/FL370/TP B739/TB CONT LGT CHOP 370/RM PANC-KSEA AWC-WEB:ASA,CONT LGT CHOP 370,200912220545-KWBC-UBAK90-PIREP,37000.0,59.225275989587246,-141.7442642128582,2009-12-22 05:40:00+00:00,1.0,0,M
F,DH8D,ORH UA /OV PUT330011 /TM 0045 /FL160 /TP DH8D /TB MOD /RM ZBW,MOD,,16000.0,42.11878418451725,-71.96328219300167,2009-12-06 00:45:00+00:00,3.0,0,M
F,SR22,DVT UA /OV APA-DVT /TM 2032 /FL085 /TP SR22 /TB NEG /RM DURD DVT 105-065 SMTH ALSO,NEG,200912192035-KWBC-UBAZ90-PIREP,8500.0,36.620000000000005,-108.505,2009-12-19 20:32:00+00:00,0.0,0,L
F,A319,IND UA /OV MIE180020/TM 0206/FL270/TP A319/TB MOD/RM ON DECSCENT FROM FL 300-270,MOD,200912180215-KWBC-UBIN90-PIREP,27000.0,39.90663966663967,-85.39,2009-12-18 02:06:00+00:00,3.0,0,M
T,C56X,LBE UUA /OV IHD /TM 1840 /FL110 /TP C56X /TB SEV /RM IHD-PIT DURGD,SEV,,11000.0,39.97,-79.36,2009-12-09 18:40:00+00:00,5.0,0,M
F,COZY,PBI UA /OV SUA/TM 2015/FL050/TP COZY/TB LGT-MOD/RM CWSU ZMA.,LGT-MOD,,5000.0,27.18,-80.22,2009-12-06 20:15:00+00:00,2.0,0,L
F,A320,ISO UA /OV ISO/TM 2034/FL380/TP A320/TB MOD,MOD,,38000.0,35.33,-77.61,2009-12-15 20:34:00+00:00,3.0,0,M
T,C414,APA UUA /OV DEN230040 /TM 0500 /FL155 /TP C414 /TB SEV,SEV,200912130505-KWBC-UBCO90-PIREP,15500.0,39.38144021631001,-105.3248742734237,2009-12-13 05:00:00+00:00,5.0,0,L
F,MD82,HND UA /OV LAS131010 /TM 1523 /FL150 /TP MD82 /TB MOD,MOD,,15000.0,35.962547971695834,-115.00776666370912,2009-12-30 15:23:00+00:00,3.0,0,M
T,G4,JFK UUA /OV JFK156040/TM 1419/FL190/TP G4/TB SEV,SEV,200912051400-KMSC-UBUS01-PIREP,19000.0,40.02092036340089,-73.41268172037779,2009-12-05 14:19:00+00:00,5.0,0,L
F,DA40,RDD UA /OV RDD090030 /TM 1946 /FL075 /TP DA40 /TB NEG /RM SMOOTH,NEG,,7500.0,40.509,-121.63570499671222,2009-12-09 19:46:00+00:00,0.0,0,L
T,MD11,BET UUA /OV BET100090/TM 1445/FL350/TP MD11/TB SEV/RM COR FOR UUA. (CWSU ZAN,SEV,200912061500-KWBC-UBAK91-PIREP,35000.0,60.51950663522492,-158.79370091847798,2009-12-06 14:45:00+00:00,5.0,0,H
F,B732,MMK UA /OV MMK360005 /TM 0432 /FL070 /TP B732 /WX -RA /TB LGT,LGT,,7000.0,41.59334008334008,-72.83,2009-12-06 04:32:00+00:00,1.0,0,M
T,CRJ9,EGE UUA /OV RLG 080035/TM 0102/FL230/TP CRJ9/TB SEV/RM CWSU ZDV,SEV,200912090110-KWBC-UBCO90-PIREP,23000.0,40.10130297519031,-105.69002037854251,2009-12-09 01:02:00+00:00,5.0,0,U
F,B747,UA /OV YDB /TM 0725 /FL350 /TP B747 /TB MDT-SEV /RM TBC LASTED APRX5MINS,MDT-SEV,,35000.0,61.37111,-139.04056,2009-12-26 07:25:00+00:00,5.0,0,H
T,MD11,ANC UUA /OV ANC /TM 0520 /FL016 /TP MD11 /TB SEV /RM RPTD OVR ANCVOR DURD,SEV,,1600.0,61.17,-149.99,2009-12-20 05:20:00+00:00,5.0,0,H
F,A319,FNT UA /OV FNT/TM 1856/FL270/TP A319/TB CONT LGT TURB CHOP/RM FL270 CLIMBING TO FL310,CONT LGT TURB CHOP,200912081905-KWBC-UBMI90-PIREP,27000.0,42.97,-83.74,2009-12-08 18:56:00+00:00,1.0,0,M
T,PA31,LGD UUA /OV LGD/TM 0225/FL035/TP PA31/TB SEV CHOP/RM SMOOTHER 045 -CHOP DURC ..ZSE,SEV CHOP,,3500.0,45.29022,-118.00711,2009-12-17 02:25:00+00:00,5.0,0,L
T,C210,TRI UUA /OV SOT360020 /TM 1708 /FL065 /TP C210 /TB SEV /RM DURD,SEV,,6500.0,36.12336033336033,-83.05,2009-12-02 17:08:00+00:00,5.0,0,L
T,A319,RDU UUA /OV SDZ320020/TM 0113/FL210/TP A319/TB SEV/RM MERIL DEPT OUTOF CLT,SEV,,21000.0,35.475368830926975,-79.85229458493345,2009-12-05 01:13:00+00:00,5.0,0,M
T,E190,ACY UUA /OV SIE/TM 2329/FL250/TP E190/TB SEV/RM ALTITUDES AFFECTEDARE FL250 TO FL230,SEV,,25000.0,39.1,-74.8,2009-12-04 23:29:00+00:00,5.0,0,U
T,A330,ORF UUA /OV 3538N 7130W/TM 1225/FL390/TP A330/TB SEV CAT 390,SEV CAT 390,200912181230-KWBC-UBVA90-PIREP,39000.0,35.6333,-71.5,2009-12-18 12:25:00+00:00,5.0,0,L
T,C560,HEZ UUA /OV HEZ225020/TM 1957/FL410/TP C560/TB SEV/RM AWC-WEB:KZHU,SEV,200912142010-KWBC-UBMS90-PIREP,41000.0,31.384278647702303,-91.57681641671554,2009-12-14 19:57:00+00:00,5.0,1,M
F,C560,VRB UA /OV VRB030015/TM 2215/FL230/TP C560/TB LGT CHOP 230-160/IC LGT RIME 230-160/RM DURGD. IMC. CWSU ZMA,LGT CHOP 230-160,200912042230-KWBC-UBFL90-PIREP,23000.0,27.896523887978077,-80.34883428186983,2009-12-04 22:15:00+00:00,1.0,1,M
F,B737,ENN UA /OV ENN334054/TM 2145/FL380/TP B737/TB LGT CHOP/RM SMOOTH AT FL360. CWSU ZAN,LGT CHOP,200912222245-KWBC-UBAK90-PIREP,38000.0,65.39898016382075,-149.98953535426995,2009-12-22 21:45:00+00:00,1.0,0,M
T,C150,CMA UUA /OV FIM180010 /TM 1812 /FL035 /TP C150 /TB SEV,SEV,,3500.0,34.19331983331983,-118.88,2009-12-23 18:12:00+00:00,5.0,0,L
T,C560,LGA UUA /OV LGA360005 /TM 1346 /FL080 /TP C560 /TB SEV,SEV,200912091350-KWBC-UBNY90-PIREP,8000.0,40.86334008334008,-73.87,2009-12-09 13:46:00+00:00,5.0,0,M
T,B747,BOS UUA /OV 42N 42W/TM 1518/FL310/TP B747/TB SEV,SEV,,31000.0,42.36057,-71.00973,2009-12-05 15:18:00+00:00,5.0,0,H
T,B737,SUT UUA /OV CHS100160 /TM 2333 /FL380 /TP B737 /TB SEV,SEV,,38000.0,32.43550068484431,-76.91250681770993,2009-12-25 23:33:00+00:00,5.0,1,M
T,A320,TLH UUA /OV 25S TAY/TM 1841/FL260/TP A320/TB MOD TO SEV/RM ZJX CWSU,MOD TO SEV,,26000.0,30.083299583299585,-82.55,2009-12-21 18:41:00+00:00,4.0,0,M
F,B737,ANC UA /OV ANC /TM 0215 /FL080 /TP B737 /TB MOD 001-080 /RM DURCDPTD RWY 32,MOD 001-080,,8000.0,61.17,-149.99,2009-12-01 02:15:00+00:00,3.0,0,M
F,B757,MIA UA /OV 2830N 07200W/TM 1530/FL250/TP B757/TB MOD,MOD,,25000.0,28.5,-72.0,2009-12-23 15:30:00+00:00,3.0,0,M
T,B772,HNL UUA /OV 4445N 14635W/TM 1840/FL370/TP B772/TB SEV 370-380/RM ZOACWSU,SEV 370-380,,37000.0,44.75,-146.5833,2009-12-18 18:40:00+00:00,5.0,0,H
F,C402,MWA UA /OV MWA315-15/TM 0105/FL050/TP C402/SK IMC/TA UNKN/TB MOD/ICLGT-MOD MX/RM CWSU ZKC,MOD,,5000.0,37.75497,-89.01108,2009-12-03 01:05:00+00:00,3.0,0,L
F,G5,ACY UA /OV ACY090020/TM 1401/FL190/TP G5/TB MDT SEV,MDT SEV,200912051405-KWBC-UBNJ90-PIREP,19000.0,39.46,-74.14822438694823,2009-12-05 14:01:00+00:00,5.0,0,L
F,B190,ENA UA /OV ANC-ENA /TM 1353 /FL040 /TP B190 /TB CONT LGT /RM AIS 12N @ 021,CONT LGT,200912171400-KWBC-UBAK90-PIREP,4000.0,60.88,-150.70499999999998,2009-12-17 13:53:00+00:00,1.0,0,M
F,UNKN,ITO UA /OV UPP-ITO /TM 1639 /FL045 /TP UNKN /SK SKC /WX FV10SM HZ /TB NEG /RM HAMAKUA COAST,NEG,200912031645-KWBC-UBHI90-PIREP,4500.0,19.96,-155.425,2009-12-03 16:39:00+00:00,0.0,0,U
T,C177,SBA UUA /OV SBA /TM 2333 /FL045 /TP C177 /TB SEV,SEV,200912222340-KWBC-UBCA90-PIREP,4500.0,34.43,-119.83,2009-12-22 23:33:00+00:00,5.0,0,L
F,H25B,CMA UA /OV FIM /TM 2244 /FL270 /TP H25B /SK OVCUNKN-TOP260 /TB OCNL LGT CHOP,OCNL LGT CHOP,,27000.0,34.36,-118.88,2009-12-07 22:44:00+00:00,1.0,0,M
F,A320,PIE UA /OV LAL120015 /TM 1515 /FL210 /TP A320 /TB MOD,MOD,200912211535-KWBC-UBFL90-PIREP,21000.0,27.864989874989877,-81.76479428076999,2009-12-21 15:15:00+00:00,3.0,0,M
T,DH8C,PTW UUA /OV PHL310025 /TM 1155 /FL070 /TP DH8C /TA M19 /TB SEV /IC NEG /RM REALLY ROUGH,SEV,,7000.0,40.136179864806245,-75.64700953077048,2009-12-29 11:55:00+00:00,5.0,0,M
F,C210,MVY UA /OV MVY225015 /TM 1509 /FL050 /TP C210 /TA M01 /TB NEG /RM VMC,NEG,,5000.0,41.21626898577672,-70.85066128503595,2009-12-24 15:09:00+00:00,0.0,0,L
F,B752,PHTO UA /OV 2616/14307/TM 1519/FL260/TP B752/TB SEV,SEV,,26000.0,19.72026,-155.04847,2009-12-01 15:19:00+00:00,5.0,0,M
T,CRJ2,POU UUA /OV SWF360020 /TM 2018 /FL040 /TP CRJ2 /SK SKC /TB SEV 040-050,SEV 040-050,,4000.0,41.83747033336033,-74.10483,2009-12-29 20:18:00+00:00,5.0,0,M
F,B752,PGA UA /OV PGA 095080/TM 1524/FL370/TP B752/TB MOD CHOP/RM CWSU ZDV,MOD CHOP,,37000.0,36.809862930173495,-109.7866781752462,2009-12-19 15:24:00+00:00,3.0,0,M
T,PA46,PDK UUA /OV PDK135010 /TM 1702 /FL030 /TP PA46 /TB SEV,SEV,200912091710-KWBC-UBGA90-PIREP,3000.0,33.76213932385115,-84.15803457824813,2009-12-09 17:02:00+00:00,5.0,0,L
T,C210,MWS UUA /OV POM325015 /TM 2305 /FL085 /TP C210 /TB SEV /RM 085-080,SEV,,8500.0,34.28480459891773,-117.96314179043144,2009-12-23 23:05:00+00:00,5.0,0,L
F,B737,LYH UA /OV GVE040030/TM 1855/FL320/TP B737/TB LGT CHOP,LGT CHOP,,32000.0,38.53905324639046,-77.75704133878007,2009-12-08 18:55:00+00:00,1.0,0,M
T,BE20,FDK UUA /OV FDK245005 /TM 0316 /FL055 /TP BE20 /TB SEV,SEV,,5500.0,39.38235895884549,-77.47208084092,2009-12-23 03:16:00+00:00,5.0,0,M
F,CRJ2,BKF UA /OV DEN210015 /TM 2041 /FL110 /TP CRJ2 /TB MOD /RM DURC 110-150,MOD,200912142050-KWBC-UBCO90-PIREP,11000.0,39.59347611202193,-104.82273719806564,2009-12-14 20:41:00+00:00,3.0,0,M
T,SW4,MIA UUA /OV DHP248045/TM 1547/FL080/TP SW4/SK OVC/TB SEV/RM IMC CWSUZMA,SEV,,8000.0,25.51902229756476,-81.12244220546181,2009-12-18 15:47:00+00:00,5.0,1,M
T,B757,DEN UUA /OV FQF 306050/TM 1545/FL190/TP B757/TB SEV/RM CWSU ZDV,SEV,200912091600-KWBC-UBCO90-PIREP,19000.0,40.17986071912127,-105.49618684026244,2009-12-09 15:45:00+00:00,5.0,0,M
F,BE36,DMA UA /OV HND-TUS360015 /TM 2313 /FL095 /TP BE36 /TB NEG /RM SMOOTH,NEG,,9500.0,32.166,-110.883,2009-12-06 23:13:00+00:00,0.0,0,L
T,MD11,ONT UUA /OV PDZ360010/TM 0402/FL110/TP MD11/TB SEV 110-150/RM AWC-WEB:KZLA,SEV 110-150,200912230400-KMSC-UBUS01-PIREP,11000.0,34.08668016668017,-117.53,2009-12-23 04:02:00+00:00,5.0,0,H
T,B712,SBY UUA /OV SWL360015/TM 2238/FL160/TP B712/TB SEV/RM LASTED 1 MINUTE,SEV,200912052250-KWBC-UBMD90-PIREP,16000.0,38.31002025002025,-75.46,2009-12-05 22:38:00+00:00,5.0,0,M
T,B738,FPR UUA /OV VRB080090 /TM 1434 /FL280 /TP B738 /TB SEV /RM ONE JOLT,SEV,,28000.0,27.91605336477508,-78.7500599261706,2009-12-05 14:34:00+00:00,5.0,0,M
T,E145,MIA UUA /OV DHP295050/TM 0051/FL220/TP E145/TB SEV 190-220/RM CWSU ZMA.,SEV 190-220,200912050100-KMSC-UBUS01-PIREP,22000.0,26.152210411545116,-81.18894470383822,2009-12-05 00:51:00+00:00,5.0,0,M
T,P28A,TLH UUA /OV SZW /TM 2102 /FL080 /TP P28A /TB EXTRM,EXTRM,200912312110-KWBC-UBFL91-PIREP,8000.0,30.56,-84.37,2009-12-31 21:02:00+00:00,7.0,0,L
F,C182,DLS UA /OV DSD360047 /TM 0025 /FL085 /TP C182 /SK OVC-TOP045 /TA 00 /TB NEG /RM SMTH IN CLEAR SKY,NEG,,8500.0,45.03339678339678,-121.3,2009-12-25 00:25:00+00:00,0.0,0,L
T,BE99,BUR UUA /OV WHP/TM 1906/FL040/TP BE99/TB SEV/RM ZLA CWSU,SEV,,4000.0,34.25933,-118.41343,2009-12-22 19:06:00+00:00,5.0,0,L
F,E190,TPH UA /OV MVA 235050/TM 2217/FL390/TP E190/TB LGT-MDT CHOP/RM LGTMTN WAVE ZOA CWSU,LGT-MDT CHOP,,39000.0,38.09198091992596,-118.90316568594534,2009-12-30 22:17:00+00:00,1.0,0,U
T,E190,ACY UUA /OV SIE/TM 2329/FL240/TP E190/TB SEV 250-230,SEV 250-230,,24000.0,39.1,-74.8,2009-12-04 23:29:00+00:00,5.0,0,U
F,B737,NFL UA /OV KRNO120040/TM 2057/FL370/TP B737/TB OCNL MOD 370/RM CONT LIGHT / OCNL MOD AWC-WEB:SWA,OCNL MOD 370,,37000.0,39.15052966663967,-119.02299586348715,2009-12-18 20:57:00+00:00,3.0,0,M
T,C150,STS UUA /OV OAK270100 /TM 0903 /FL250 /TP C150 /TB SEV /RM TEST TEST DO NOT POST,SEV,200912240910-KWBC-UBCA91-PIREP,25000.0,37.73,-124.32746600112584,2009-12-24 09:03:00+00:00,5.0,0,L
T,E145,BPT UUA /OV SBI180015/TM 1902/FL200/TP E145/TB SEV/RM AWC-WEB:KZHU,SEV,,20000.0,29.439979749979752,-94.04,2009-12-30 19:02:00+00:00,5.0,0,M
F,B734,MFR UA /OV OED270010/TM 1836/FL270/TP B734/TB MOD CHOP/RM ..ZSE,MOD CHOP,,27000.0,42.48,-123.13600298592276,2009-12-18 18:36:00+00:00,3.0,0,M
F,PRM1,PSP UA /OV TRM270015 /TM 2341 /FL070 /TP PRM1 /TB MOD /RM DURD 110-070,MOD,200912222345-KWBC-UBCA90-PIREP,7000.0,33.63,-116.46027723985064,2009-12-22 23:41:00+00:00,3.0,0,L
T,C550,ASH UUA /OV BED325015 /TM 1331 /FL030 /TP C550 /TB SEV,SEV,200912171335-KWBC-UBNH90-PIREP,3000.0,42.67480459891773,-71.47441391303998,2009-12-17 13:31:00+00:00,5.0,0,L
F,B190,JNU UA /OV JNU /TM 1432 /FL160 /TP B190 /SK OVC160 /TB NEG /IC NEG /RM DURD RWY 8 / BA GOOD,NEG,200912221440-KWBC-UBAK90-PIREP,16000.0,58.35,-134.58,2009-12-22 14:32:00+00:00,0.0,0,M
F,B737,RDM UA /OV KRDM150050/TM 2355/FL400/TP B737/TB OCNL LGT CHOP 400/RM AWC-WEB:ASA,OCNL LGT CHOP 400,,40000.0,43.53214370673975,-120.56822302264212,2009-12-11 23:55:00+00:00,1.0,0,M
T,F2TH,ICT UUA /OV ICT070090/TM 2300/FL430/TP F2TH/TB SEV/RM LOST200-300FT...CWSU ZKC,SEV,,43000.0,38.16307177047747,-95.64958845904404,2009-12-13 23:00:00+00:00,5.0,0,M
T,B14C,WJF UUA /OV PMD340015 /TM 0002 /FL085 /TP B14C /TB OCNL SEV /RM 1500 FPM UDDF,OCNL SEV,,8500.0,34.86433218399108,-118.1884723225018,2009-12-06 00:02:00+00:00,5.0,0,U
T,GLF5,DCA UUA /OV OTT190015/TM 1733/FL330/TP GLF5/TB MDT SEV,MDT SEV,,33000.0,38.463778119370005,-76.79563805891718,2009-12-13 17:33:00+00:00,5.0,0,M
T,B737,LFK UUA /OV DAS030065/TM 0149/FL280/TP B737/TB SEV/RM AWC-WEB:KZHU,SEV,200912120200-KWBC-UBTX91-PIREP,28000.0,31.12827018123832,-94.02328321148651,2009-12-12 01:49:00+00:00,5.0,0,M
F,C152,MCE UA /OV LVK-MCE /TM 1926 /FL065 /TP C152 /TB NEG /RM SMTH,NEG,200912231935-KWBC-UBCA90-PIREP,6500.0,37.395,-121.05,2009-12-23 19:26:00+00:00,0.0,0,L
F,B735,ERV UA /OV KSAT270030/TM 2233/FL100/TP B735/TB CONT SEV 100/RM CONT MOD TURB FM 100 TO 080 ON DESCENT INTO KSAT AWC-WEB:SWA,CONT SEV 100,,10000.0,29.53369,-99.04449559650594,2009-12-01 22:33:00+00:00,5.0,0,M
F,A320,OXI UA /OV OXI /TM 2215 /FL120 /TP A320 /SK OVCUNKN-TOP150 /TB NEG /IC NEG /RM /TA UNKN,NEG,200912232200-KMSC-UBUS01-PIREP,12000.0,41.32,-86.65,2009-12-23 22:15:00+00:00,0.0,0,M
F,MD80,LCH UA /OV LCH320020/TM 0220/FL340/TP MD80/TB MOD/RM AWC-WEB:KZHU,MOD,,34000.0,30.38086968092697,-93.47544670372773,2009-12-24 02:20:00+00:00,3.0,1,M
T,MD11,BET UUA /OV BET100090/TM 1445/FL350/TP MD11/TB SEV/RM COR FOR UUA.(CWSU ZAN),SEV,,35000.0,60.50950663522492,-158.80464488630972,2009-12-06 14:45:00+00:00,5.0,0,H
F,C208,OLV UA /OV MEM-MEM090030 /TM 0312 /FL070 /TP C208 /WX FV10SM /TA M07 /TB LGT CHOP /RM VFR,LGT CHOP,,7000.0,34.97875,-89.7868611,2009-12-05 03:12:00+00:00,1.0,0,L
T,C550,RYY UUA /OV RYY /TM 1806 /FL070 /TP C550 /TB SEV 030-070,SEV 030-070,,7000.0,34.01306,-84.59861,2009-12-02 18:06:00+00:00,5.0,0,L
T,LJ31,RDU UUA /OV RDU100015/TM 1914/FL330/TP LJ31/TB SEV,SEV,200912161900-KMSC-UBUS01-PIREP,33000.0,35.82658443920415,-78.47615311874722,2009-12-16 19:14:00+00:00,5.0,0,M
T,A320,JFK UUA /OV JFK150065/TM 1400/FL200/TP A320/TB SEV/RM CONDITIONSREPORTED BTWN JFK139030-JFK150065 BY JBU833,SEV,,20000.0,39.70033981876168,-73.04834642093995,2009-12-05 14:00:00+00:00,5.0,0,M
F,UNKN,DEN UA /OV DEN /TM 1930 /FL240 /TP UNKN /TB MOD /RM NUMEROUS ACFT/WBND/DURC 120-240,MOD,200912121935-KWBC-UBCO90-PIREP,24000.0,39.81,-104.66,2009-12-12 19:30:00+00:00,3.0,0,U
F,BE20,JAS UA /OV LFT280120 /TM 2248 /FL250 /TP BE20 /SK TOP250 /TA M32 /WV 21075KT /TB OCNL LGT CHOP,OCNL LGT CHOP,,25000.0,30.54592107636677,-94.26863780052258,2009-12-04 22:48:00+00:00,1.0,0,M
F,UNKN,WRB UA /OV MCN180020 /TM 2211 /FL090 /TP UNKN /TA 07 /TB NEG /RM IMC,NEG,,9000.0,32.35948966663967,-83.64921,2009-12-02 22:11:00+00:00,0.0,0,U
F,B752,ORF UA /OV 2953N 07112W/TM 1426/FL310/TP B752/TB SEV CHOP,SEV CHOP,,31000.0,29.8833,-71.2,2009-12-23 14:26:00+00:00,5.0,0,M
F,CRJ7,LOZ UA /OV LVT/TM 2027/FL300/TP CRJ7/TB OCNL LGT CHOP/RM CWSUZID,OCNL LGT CHOP,,30000.0,36.58,-85.17,2009-12-15 20:27:00+00:00,1.0,0,M
F,DA20,MMK UA /OV MMK /TM 1833 /FL045 /TP UNKN /SK SCT050-TOP055 /TA M06 /TB LGT OCNL MOD /RM /TP DA20,LGT OCNL MOD,,4500.0,41.51,-72.83,2009-12-16 18:33:00+00:00,2.0,0,L
F,B737,BKW UA /OV BLF/TM 2245/FL330/TP B737/TB MOD CHOP/RM CWSU ZID,MOD CHOP,200912042250-KWBC-UBWV90-PIREP,33000.0,37.31,-81.19,2009-12-04 22:45:00+00:00,3.0,0,M
F,C172,ENW UA /OV UGN315015 /TM 1555 /FL033 /TP C172 /SK SKC /WX FV20SM /TA M05 /TB NEG /RM SMOOTH RIDE,NEG,,3300.0,42.59895101422328,-88.10740110551546,2009-12-16 15:55:00+00:00,0.0,0,L
F,DH8D,PDT UA /OV PDT275010/TM 2041/FL240/TP DH8D/TB LGT OCNL MOD CHOP/RM..ZSE,LGT OCNL MOD CHOP,,24000.0,45.70958713372831,-119.0791656528974,2009-12-22 20:41:00+00:00,2.0,0,M
T,B738,CHS UUA /OV BDA/TM 2320/FL350/TP B738/TB SEV/RM O/V DASER INTXN,SEV,,35000.0,32.35,-64.68,2009-12-24 23:20:00+00:00,5.0,0,M
T,B733,CMA UUA /OV FIM /TM 2338 /FL090 /TP B733 /TB SEV,SEV,,9000.0,34.36,-118.88,2009-12-22 23:38:00+00:00,5.0,0,M
T,DC10,ONT UUA /OV ONT090005 /TM 0303 /FL130 /TP DC10 /TB SEV,SEV,,13000.0,34.056,-117.50059733148078,2009-12-23 03:03:00+00:00,5.0,0,H
F,CRJ7,SFM UA /OV PWM225015 /TM 1707 /FL076 /TP CRJ7 /TB MOD 076-084,MOD 076-084,,7600.0,43.46563898577672,-70.54872088340946,2009-12-16 17:07:00+00:00,3.0,0,M
F,C172,MIV UA /OV MIV /TM 1559 /FL015 /TP C172 /TB LGT-MOD,LGT-MOD,,1500.0,39.36611,-75.07833,2009-12-28 15:59:00+00:00,2.0,0,L
T,C320,BIL UUA /OV BIL315008 /TM 2051 /FL055 /TP C320 /TB SEV,SEV,,5500.0,45.90118854091908,-108.6774623922487,2009-12-28 20:51:00+00:00,5.0,0,L
F,C150,FYU UA /OV SVS /TM 1718 /FL055 /TP C150 /SK OVC045 /TB NEG /RMSMTH,NEG,,5500.0,66.01,-149.05,2009-12-16 17:18:00+00:00,0.0,0,L
F,M20T,CDW UA /OV CDW360007 /TM 2216 /FL060 /TP M20T /SK OVCUNKN-TOP060/ SKC /TA 00 /TB OCNL LGT,OCNL LGT,,6000.0,40.99306611667612,-74.28306,2009-12-03 22:16:00+00:00,1.0,0,L
F,C182,SDB UA /OV LHS /TM 1541 /FL125 /TP C182 /WV 34043KT /TB NEG /RM SMTH,NEG,,12500.0,34.68,-118.58,2009-12-23 15:41:00+00:00,0.0,0,L
F,P28A,GJT UA /OV MLD-GJT /TM 2325 /FL115 /TP P28A /SK SKC /TB NEG,NEG,,11500.0,40.65038,-110.418315,2009-12-27 23:25:00+00:00,0.0,0,L
T,A332,ORF UUA /OV 30N 4930W/TM 2308/FL340/TP A332/TB SEV,SEV,,34000.0,36.90333,-76.19222,2009-12-31 23:08:00+00:00,5.0,0,H
F,C177,ATW UA /OV ATW090010 /TM 1857 /FL050 /TP C177 /TA M08 /TB NEG /IC NEG,NEG,,5000.0,44.25808,-88.2863526268226,2009-12-29 18:57:00+00:00,0.0,0,L
T,BE99,WHP UUA /OV BUR325003 /TM 1907 /FL040 /TP BE99 /TB SEV,SEV,,4000.0,34.241630919783546,-118.39334784594436,2009-12-22 19:07:00+00:00,5.0,0,L
F,C208,OME UA /OV OME360020 /TM 0315 /FL060 /TP C208 /TB SEV WIND SHEAR 2000FPM UDD,SEV WIND SHEAR 2000FPM UDD,200912170325-KWBC-UBAK90-PIREP,6000.0,64.82336033336033,-165.25,2009-12-17 03:15:00+00:00,5.0,0,L
T,GLF4,ACY UUA /OV CYN090050/TM 1415/FL150/TP GLF4/TB MDT SEV/RM 150 THRUFL220,MDT SEV,,15000.0,39.82,-73.34492748749699,2009-12-05 14:15:00+00:00,5.0,0,M
T,C172,CNO UUA /OV CNO135002 /TM 1648 /FL020 /TP C172 /TB SEV,SEV,,2000.0,33.95170786477023,-117.60768513677698,2009-12-23 16:48:00+00:00,5.0,0,L
F,B777,LNL UA /OV LNL/TM 1541/FL350/TP B777/TB CONT LGT OCNL MOD CHOP,CONT LGT OCNL MOD CHOP,,35000.0,46.1540116,-89.2120794,2009-12-16 15:41:00+00:00,2.0,0,H
T,C182,IYK UUA /OV O26180025 /TM 0110 /FL095 /TP C182 /TB SEV /RM 095-115 SEV UDDFS,SEV,,9500.0,36.16329958329958,-118.04,2009-12-21 01:10:00+00:00,5.0,0,L
F,B733,PBF UA /OV LIT180030/TM 2312/FL220/TP B733/TA M37/WV 16977KT/TB MOD 220/RM DURGC  MOD 110-160  THEN SMTH TO FL220  THEN MOD AGAIN,MOD 220,200912242315-KKCI-UBUS31-PIREP,22000.0,34.1799594999595,-92.18,2009-12-24 23:12:00+00:00,3.0,0,M
T,PC12,HTO UUA /OV GON230015 /TM 0005 /FL050 /TP PC12 /TB SEV,SEV,,5000.0,41.16929008111625,-72.30505648723175,2009-12-30 00:05:00+00:00,5.0,0,L
T,CRJ2,DAL UUA /OV KGVT180010/TM 1810/FL240/TP CRJ2/TB SEV FL240-FL200/RM AWC-WEB:KZFW,SEV FL240-FL200,,24000.0,32.90115983331983,-96.06533,2009-12-09 18:10:00+00:00,5.0,0,M
T,B737,MIA UUA /OV DHP245035/TM 1621/FL140/TP B737/TB SEV/RM CWSU ZMA,SEV,,14000.0,25.553452711918425,-80.93726129268676,2009-12-05 16:21:00+00:00,5.0,0,M
F,B737,RND UA /OV SAT090035/TM 1949/FL220/TP B737/TB MOD FL220-240/RM AWC-WEB:KZHU,MOD FL220-240,200912242000-KWBC-UBTX90-PIREP,22000.0,29.64,-97.78879173544018,2009-12-24 19:49:00+00:00,3.0,0,M
T,B772,SBY UUA /OV SBY /TM 0629 /FL350 /TP B772 /TB SEV,SEV,200912010635-KWBC-UBMD90-PIREP,35000.0,38.35,-75.51,2009-12-01 06:29:00+00:00,5.0,0,H
F,C340,VTI UA /OV ALO180020 /TM 1518 /FL100 /TP C340 /TA M09 /TB NEG /IC NEG /RM BTWN LYRS,NEG,,10000.0,42.22100466663967,-92.401293,2009-12-30 15:18:00+00:00,0.0,0,L
F,B738,ACV UA /OV FOT257906/TM 2008/FL350/TP B738/TB MOD CHOP/RM AWC-WEB:ASA,MOD CHOP,200912232000-KMSC-UBUS01-PIREP,35000.0,37.27296394149793,-143.62967267229118,2009-12-23 20:08:00+00:00,3.0,0,M
T,B772,ORF UUA /OV 3830N 4118W/TM 1516/FL320/TP B772/TB SEV,SEV,,32000.0,38.5,-41.3,2009-12-05 15:16:00+00:00,5.0,0,H
F,C560,UXL UA /OV LCH270011 /TM 1943 /FL330 /TP C560 /SK SKC /TA M24 /TB NEG,NEG,,33000.0,30.12550085,-93.43968453161044,2009-12-09 19:43:00+00:00,0.0,0,M
T,CRJ2,GWO UUA /OV UJM180015/TM 1833/FL220/TP CRJ2/TB SEV 155-FL220/RM ZME,SEV 155-FL220,,22000.0,34.32997974997975,-90.67,2009-12-08 18:33:00+00:00,5.0,1,M
T,C210,SBD UUA /OV SBD045008 /TM 2109 /FL060 /TP C210 /TB SEV 060-095,SEV 060-095,,6000.0,34.18964064091908,-117.12101170101508,2009-12-22 21:09:00+00:00,5.0,0,L
T,E145,RSW UUA /OV DHP295050 /TM 0051 /FL220 /TP E145 /TB SEV /RM FL220-190,SEV,200912050105-KWBC-UBFL90-PIREP,22000.0,26.152210411545116,-81.18894470383822,2009-12-05 00:51:00+00:00,5.0,0,M
F,C182,AOH UA /OV AOH143014 /TM 1455 /FL040 /TP C182 /SK SCT040 /WX FV09SM /TA M08 /WV 27020KT /TB NEG /IC NEG,NEG,,4000.0,40.52057662009607,-83.84141323648504,2009-12-05 14:55:00+00:00,0.0,0,L
T,A320,ITO UUA /OV 3122N/16630E/TM 1255/FL370/TP A320/TB SEV/RM SMTH ATFL380,SEV,,37000.0,19.72,-155.04,2009-12-31 12:55:00+00:00,5.0,0,M
F,CRJ2,AVL UA /OV AVL210020 /TM 2110 /FL100 /TP CRJ2 /TB MOD 100-BLO /RM DURD,MOD 100-BLO,,10000.0,35.1432414826959,-82.74206455106906,2009-12-10 21:10:00+00:00,3.0,0,M
F,B738,AKR UA /OV DJB110020/TM 1419/FL120/TP B738/TB MOD 120-150,MOD 120-150,,12000.0,41.245984051005,-81.74264362698499,2009-12-25 14:19:00+00:00,3.0,0,M
F,B738,FHU UA /OV MMLT/TM 2205/FL380/TP B738/WV 29779KT/TB NEG/RM AWC-WEB:ASA,NEG,,38000.0,26.01667,-111.34722,2009-12-21 22:05:00+00:00,0.0,0,M
T,B747,ADQ UUA /OV ADQ180065-ADQ236125/TM 1200/FL320/TP B747/TB MOD-SVR,MOD-SVR,200912201200-KMSC-UBUS01-PIREP,32000.0,56.66657891657891,-152.49,2009-12-20 12:00:00+00:00,3.0,0,H
T,GLF5,TTN UUA /OV ARD /TM 1312 /FL060 /TP GLF5 /TB SEV,SEV,,6000.0,40.25,-74.91,2009-12-09 13:12:00+00:00,5.0,0,M
F,B738,BKE UA /OV BKE020040/TM 2345/FL360/TP B738/TB INTERMITTNT MOD MTNWV/RM ..ZSE,INTERMITTNT MOD MTNWV,,36000.0,45.46386249064288,-117.48756577809051,2009-12-26 23:45:00+00:00,3.0,0,M
F,B734,RNO UA /OV RNO-RNO180010 /TM 1700 /FL090 /TP B734 /TB MOD 090-125,MOD 090-125,,9000.0,39.48389,-119.77111,2009-12-21 17:00:00+00:00,3.0,0,M
T,B737,TMB UUA /OV DHP245035 /TM 1621 /FL140 /TP B737 /TB SEV 140,SEV 140,,14000.0,25.553452711918425,-80.93726129268676,2009-12-05 16:21:00+00:00,5.0,0,M
F,P28A,ERV UA /OV ERV /TM 1733 /FL055 /TP P28A /SK SCT-BKN028-TOP044/ SKC /TB NEG,NEG,,5500.0,29.97667,-99.08547,2009-12-26 17:33:00+00:00,0.0,0,L
T,A320,ITO UUA /OV 3122N/16630E/TM 1255/FL370/TP A320/TB SEV/RM SMTH AT FL380,SEV,200912311310-KWBC-UBHI90-PIREP,37000.0,19.72,-155.01,2009-12-31 12:55:00+00:00,5.0,0,M
T,B747,ORF UUA /OV 3038N 07700W/TM 0219/FL370/TP B747/TB SEV CAT/RM BTWN3038N07700W AND 3314N07323W,SEV CAT,,37000.0,30.6333,-77.0,2009-12-26 02:19:00+00:00,5.0,1,H
T,M20P,FPR UUA /OV FPR /TM 1711 /FL070 /TP M20P /TB OCNL SEV /RM SMOOTH ABOVE 080,OCNL SEV,,7000.0,27.49806,-80.37667,2009-12-02 17:11:00+00:00,5.0,0,L
F,B747,FAT UA /OV FRA 163045/TM 2110/FL370/TP B747/TB LGT-MOD CHOP,LGT-MOD CHOP,,37000.0,36.382713337455705,-119.32504894818544,2009-12-08 21:10:00+00:00,2.0,0,H
T,SH33,LOU UUA /OV SDF360005 /TM 1237 /FL030 /TP SH33 /TB SEV,SEV,200912091245-KWBC-UBKY91-PIREP,3000.0,38.26334008334008,-85.73,2009-12-09 12:37:00+00:00,5.0,0,M
F,B737,GCK UA /OV GCK 270030/TM 2103/FL380/TP B737/TB MOD CHOP/RM CWSU ZDV,MOD CHOP,,38000.0,37.92753,-101.35835455507022,2009-12-09 21:03:00+00:00,3.0,0,M
T,SF34,ITH UUA /OV ITH /TM 1536 /FL026 /TP SF34 /TB CONT LGT /RM LLWS +/- 15KTS FA RWY32 026-SFC,CONT LGT,200912011545-KWBC-UBNY90-PIREP,2600.0,42.5,-76.46,2009-12-01 15:36:00+00:00,1.0,0,M
T,COL4,AUG UUA /OV BGR225045 /TM 1912 /FL035 /TP COL4 /TB SEV CAT /RM SMTH 042,SEV CAT,,3500.0,44.27706695733018,-69.57569259733584,2009-12-17 19:12:00+00:00,5.0,0,U
F,DA40,LAR UA /OV LAR345005 /TM 2226 /FL085 /TP DA40 /WV 25035KT /TB LGT-MOD /RM WNW BOUND,LGT-MOD,200912102230-KWBC-UBWY90-PIREP,8500.0,41.42050033886327,-105.74872923463192,2009-12-10 22:26:00+00:00,2.0,0,L
F,B733,TUS UA /OV 50E TFD/TM 2044/FL300/TP B733/TB MOD/RM ZAB TMU,MOD,200912302050-KWBC-UBAZ90-PIREP,30000.0,32.89,-110.9175190067766,2009-12-30 20:44:00+00:00,3.0,0,M
T,A320,ILM UUA /OV 148S ILM/TM 1711/FL340/TP A320/TB SEV/RM ZJX CWSU,SEV,,34000.0,31.803133533133536,-77.9,2009-12-13 17:11:00+00:00,5.0,1,M
F,BE9L,GDP UA /OV PHX-SFL070034 /TM 1804 /FL270 /TP BE9L /TB LGT,LGT,,27000.0,31.83312,-104.80978,2009-12-19 18:04:00+00:00,1.0,0,L
F,C421,CWF UA /OV LCH090030 /TM 1337 /FL060 /TP C421 /SK SKC /TB NEG,NEG,,6000.0,30.12550085,-92.64957415924422,2009-12-05 13:37:00+00:00,0.0,0,L
F,BE58,CRW UA /OV CRW340016 /TM 1845 /FL110 /TP BE58 /TA M08 /TB NEG /IC NEG /RM IMC /IC MOD MX DURC,NEG,,11000.0,38.63000499625714,-81.70635516296649,2009-12-19 18:45:00+00:00,0.0,0,L
F,C182,NXP UA /OV TNP /TM 2217 /FL100 /TP C182 /TB LGT CHOP /RM CLOUD BASE 120 NMRS SCSL,LGT CHOP,,10000.0,34.13,-115.94,2009-12-21 22:17:00+00:00,1.0,0,L
T,C152,HIO UUA /OV HIO360005 /TM 1647 /FL015 /TP C152 /TB SEV,SEV,200912261655-KWBC-UBOR91-PIREP,1500.0,45.66334008334008,-122.83,2009-12-26 16:47:00+00:00,5.0,0,L
T,B737,TMB UUA /OV DHP245035 /TM 1621 /FL140 /TP B737 /TB SEV,SEV,200912051635-KWBC-UBFL90-PIREP,14000.0,25.553452711918425,-80.93726129268676,2009-12-05 16:21:00+00:00,5.0,0,M
F,B737,LVS UA /OV ACH/TM 1759/FL390/TP B737/WV 240101KT/TB CONT LGT CHOP/RM 30E ZUNI TO ACH CONT LGT. CHOP  INTER LGT CHOP ACH TO 30NE ACH THEN,CONT LGT CHOP,200912121801-KKCI-UBUS31-PIREP,39000.0,35.11,-105.04,2009-12-12 17:59:00+00:00,1.0,0,M
F,B763,BOS UA /OV 42N 42W/TM 1517/FL320/TP B763/TB MDT-SEV,MDT-SEV,,32000.0,42.36057,-71.00973,2009-12-05 15:17:00+00:00,5.0,0,H
F,CRJ2,ARB UA /OV YIP270007 /TM 1443 /FL090 /TP CRJ2 /SK TOP110 /TA M10 /TB LGT /IC LGT /RM DURC 130,LGT,,9000.0,42.23793,-83.6880038133491,2009-12-03 14:43:00+00:00,1.0,0,M
T,C402,PBI UUA /OV PBI125020/TM 1649/FL060/TP C402/TB SEV/RM CWSU ZMA,SEV,,6000.0,26.493492367970383,-79.79377555109218,2009-12-18 16:49:00+00:00,5.0,1,L
F,B737,BID UA /OV SEY360007 /TM 2025 /FL050 /TP B737 /TB OCNL LGT-MOD CHOP,OCNL LGT-MOD CHOP,,5000.0,41.28667611667612,-71.58,2009-12-29 20:25:00+00:00,2.0,0,M
T,C750,BIH UUA /OV BIH 180015/TM 1937/FL340/TP C750/TB MDT-SEV 340-320/RM ZOA CWSU,MDT-SEV 340-320,200912201945-KWBC-UBCA90-PIREP,34000.0,37.12997974997975,-118.37,2009-12-20 19:37:00+00:00,5.0,0,M
F,LJ60,BDN UA /OV RDM180025 /TM 1837 /FL400 /TP LJ60 /TA M67 /WV 29876KT /TB OCNL LGT CHOP,OCNL LGT CHOP,,40000.0,43.83718958329958,-121.15,2009-12-14 18:37:00+00:00,1.0,0,M
F,A320,FDY UA /OV FDY/TM 1250/FL260/TP A320/TB CONT LGT MOD CHOP/RMFL260-320 CONT LGT-MOD CHOP,CONT LGT MOD CHOP,,26000.0,41.01361,-83.66861,2009-12-02 12:50:00+00:00,2.0,0,M
F,MD83,GRK UA /OV LZZ180020/TM 1901/FL180/TP MD83/TB OCNL SEV 180-210/RM CONT LT TB...FM ZHU AWC-WEB:KZHU,OCNL SEV 180-210,,18000.0,30.77283356663967,-98.1958931,2009-12-20 19:01:00+00:00,5.0,0,M
F,SR22,GMJ UA /OV EOS270010 /TM 1852 /FL120 /TP SR22 /TA M03 /WV 13232KT /TB NEG /IC TRACE MX,NEG,,12000.0,36.81,-94.59818709131471,2009-12-24 18:52:00+00:00,0.0,0,L
T,B767,OGG UUA /OV 2900/14900/TM 0823/FL330/TP B767/TB SEV,SEV,,33000.0,20.89,-156.43,2009-12-18 08:23:00+00:00,5.0,0,H
F,SR22,CXY UA /OV HAR270018 /TM 1808 /FL130 /TP SR22 /TA M11 /WV 29156KT /TB NEG /RM SMOOTH,NEG,,13000.0,40.23,-77.4129807723896,2009-12-01 18:08:00+00:00,0.0,0,L
T,B752,GON UUA /OV PVD225040 /TM 1705 /FL185 /TP B752 /TB SEV,SEV,,18500.0,41.2504572954046,-72.06413571815574,2009-12-05 17:05:00+00:00,5.0,0,M
F,DH8D,OKC UA /OV OKC225006 /TM 1858 /FL040 /TP DH8D /TB MOD,MOD,,4000.0,35.31818359431069,-97.68734305138967,2009-12-18 18:58:00+00:00,3.0,0,M
T,C320,BIL UUA /OV BIL270010 /TM 2127 /FL055 /TP C320 /TB SEV,SEV,200912282135-KWBC-UBMT91-PIREP,5500.0,45.81,-108.8591256949335,2009-12-28 21:27:00+00:00,5.0,0,L
T,B752,PVD UUA /OV PVD /TM 1215 /FL020 /TP B752 /WV 25270KT /TB SEV /RM LLWS ACFT GO AROUND,SEV,,2000.0,41.7219,-71.4325,2009-12-03 12:15:00+00:00,5.0,0,M
F,CRJ7,ABQ UA /OV ABQ255017/TM 1826/FL320/TP CRJ7/TB POCKETS MOD TURB/RM ZAB,POCKETS MOD TURB,,32000.0,34.96856199731793,-106.94979868074208,2009-12-29 18:26:00+00:00,3.0,0,M
F,B733,NQA UA /OV HLI355029/TM 1902/FL340/TP B733/TB OCNL MOD 340/RM CONT LT OCNL MOD AWC-WEB:SWA,OCNL MOD 340,200912121900-KMSC-UBUS01-PIREP,34000.0,35.25153310513911,-89.55128589008541,2009-12-12 19:02:00+00:00,3.0,0,M
F,C208,OME UA /OV OME360020 /TM 0315 /FL060 /TP C208 /TB SEV WIND SHEAR2000FPM UDD,SEV WIND SHEAR2000FPM UDD,,6000.0,64.84336033336034,-165.44,2009-12-17 03:15:00+00:00,5.0,0,L
T,B737,BNA UUA /OV BNA 170030/TM 1818/FL150/TP B737/TB MOD-SEV 150-220/RMZME,MOD-SEV 150-220,,15000.0,35.626446238740016,-86.58167854663064,2009-12-02 18:18:00+00:00,4.0,0,M
T,B738,MSY UUA /OV LEV270030/TM 0231/FL280/TP B738/TB SEV 280/RM FM ZHU AWC-WEB:KZHU,SEV 280,,28000.0,29.18,-90.67272351276726,2009-12-21 02:31:00+00:00,5.0,0,M
F,MD82,SPI UA /OV SPI020020/TM 1245/FL260/TP MD82/TB CONS LGT CHOP/RM CWSUZKC,CONS LGT CHOP,,26000.0,40.15795624532144,-89.53539994819273,2009-12-09 12:45:00+00:00,1.0,0,M
F,DH8,SEA UA /OV SEA340030/TM 1543/FL140/TP DH8/TB LGT OCNL MOD 140-120/RM..ZSE,LGT OCNL MOD 140-120,,14000.0,47.91457436798216,-122.56725113933254,2009-12-06 15:43:00+00:00,2.0,0,M
F,C208,PIR UA /OV PIR /TM 0025 /FL070 /TP C208 /TA M18 /TB NEG /IC NEG /RM INMNT GROUND CONTACT,NEG,,7000.0,44.38269,-100.28597,2009-12-09 00:25:00+00:00,0.0,0,L
F,A320,UIN UA /OV UIN/TM 2319/FL390/TP A320/TB MOD/RM CWSU ZKC,MOD,200912152300-KMSC-UBUS01-PIREP,39000.0,39.85,-91.28,2009-12-15 23:19:00+00:00,3.0,0,M
F,CRJ7,AKR UA /OV CAK360005 /TM 2043 /FL030 /TP CRJ7 /TB LGT-OCNL MOD 030-BLO /RM DURD,LGT-OCNL MOD 030-BLO,200912252000-KMSC-UBUS01-PIREP,3000.0,41.003340083340085,-81.43,2009-12-25 20:43:00+00:00,2.0,0,M
T,BE9L,ALS UUA /OV ALS080045/TM 1819/FL230/TP BE9L/TB MDT-OCNL SEV/RM+-300FT +-20KTS ZDV,MDT-OCNL SEV,,23000.0,37.56913668238754,-104.93108317692992,2009-12-12 18:19:00+00:00,5.0,0,L
T,BE35,3J7 UUA /OV AHN150035 /TM 1623 /FL060 /TP BE35 /TB SEV,SEV,,6000.0,33.44337759471783,-82.9747205645862,2009-12-09 16:23:00+00:00,5.0,0,L
F,B737,BLU UA /OV FMG252051/TM 1505/FL400/TP B737/TB NEG/RM LGT CHP FL380. LAX-SEA. AWC-WEB:ASA,NEG,,40000.0,39.26731427893996,-120.7081946122596,2009-12-20 15:05:00+00:00,0.0,0,M
T,B732,MIV UUA /OV PHL150030 /TM 1225 /FL090 /TP B732 /TB SEV 020-090,SEV 020-090,,9000.0,39.43528222404385,-74.90535903254141,2009-12-09 12:25:00+00:00,5.0,0,M
F,DH8,PDX UA /OV BTG/TM 2247/FL230/TP DH8/TB MOD/RM ..ZSE,MOD,200912302300-KWBC-UBOR90-PIREP,23000.0,45.75,-122.59,2009-12-30 22:47:00+00:00,3.0,0,M
F,E145,CRP UA /OV CRP/TM 1615/FL360/TP E145/TB OCNL MOD CHOP 360/RM FM ZHU AWC-WEB:KZHU,OCNL MOD CHOP 360,200912251620-KWBC-UBTX90-PIREP,36000.0,27.9,-97.44,2009-12-25 16:15:00+00:00,3.0,0,M
T,B763,ONT UUA /OV ONT090005 /TM 0342 /FL130 /TP B763 /TB SEV 130-120,SEV 130-120,,13000.0,34.056,-117.50059733148078,2009-12-23 03:42:00+00:00,5.0,0,H
F,CRJ7,BOI UA /OV BOI 135040/TM 2356/FL360/TP CRJ7/TB OCNL MOD CHOP/RM ZLC,OCNL MOD CHOP,,36000.0,43.095227295404605,-115.58991090376188,2009-12-15 23:56:00+00:00,3.0,0,M
T,BE35,AVL UUA /OV AVL045020 /TM 2010 /FL100 /TP BE35 /TB SEV 100-089 /RM STRONG DOWNDRAFTS UNABLE TO MAINTAIN ALT,SEV 100-089,200912102020-KWBC-UBNC91-PIREP,10000.0,35.6657213522977,-82.26070900665052,2009-12-10 20:10:00+00:00,5.0,0,L
T,PA31,TDF UUA /OV RDU360018 /TM 0444 /FL070 /TP PA31 /TB SEV-EXTRM,SEV-EXTRM,,7000.0,36.1922243000243,-78.7819,2009-12-03 04:44:00+00:00,6.0,1,L
T,PA46,SCK UUA /OV O22/TM 0048/FL120/TP PA46/TB MDT-SEV/IC MDT RIME/RM ZOACWSU,MDT-SEV,,12000.0,38.0304,-120.4146,2009-12-07 00:48:00+00:00,5.0,0,L
T,C56X,PIT UUA /OV PIT /TM 1840 /FL110 /TP C56X /TB SEV /RM IHD-PIT DURGD,SEV,,11000.0,40.49147,-80.23286,2009-12-09 18:40:00+00:00,5.0,1,M
F,AC90,RDM UA /OV RDM /TM 2115 /FL140 /TP AC90 /SK OVC090-TOPUNKN /TA M10 /TB LGT-MOD /IC LGT RIME 120-BLO /RM DURC W/IMC 140/LGT-MOD TURB E CASCADES,LGT-MOD,,14000.0,44.25389,-121.15,2009-12-29 21:15:00+00:00,2.0,0,L
F,MU2,MLU UA /OV MLU035050/TM 2104/FL210/TP MU2/TB MOD/RM ZME,MOD,,21000.0,33.19354199639244,-91.4708395537542,2009-12-02 21:04:00+00:00,3.0,0,L
T,B06,0CO UUA /OV APA280035 /TM 1708 /FL090 /TP B06 /TB SEV /RM ALONG I70 OVR IDAHO SPRINGS,SEV,,9000.0,39.67130297519031,-105.59530717806578,2009-12-09 17:08:00+00:00,5.0,0,L

